ID,Calculus,DataBase,LinerAlgebra,IntroToCs,IntroToIS,DiscreteMath,ObjectOriented,Statistics,IntoToPrograming,DifferentialEquations,OperationsResearch,DataStructure,FileProcessing,AdvancedMathematics,Physics,Stochastic,Multimedia,InformationTheory,SystemAnalysisAndDesign,CS_Chance,IS_Chance,Department
1,100,64,71,88,94,79,75,86,70,87,115,115,66,74,106,107,62,83,62,0.58,0.42,CS
2,106,118,104,91,75,100,88,73,91,71,77,96,67,74,86,83,75,105,62,0.37,0.63,IS
3,74,62,97,94,103,114,84,63,74,109,70,61,82,80,79,99,72,74,106,0.37,0.63,IS
4,87,100,101,63,107,81,69,76,79,76,73,99,81,72,71,62,110,80,77,0.21,0.63,IS
5,88,80,74,85,67,92,62,78,69,67,101,66,61,106,71,77,74,76,67,0.42,0.53,IS
6,93,66,104,62,97,70,90,71,63,86,67,63,73,119,81,68,78,94,90,0.47,0.47,CS
7,69,64,74,67,96,75,116,75,61,65,68,62,93,68,102,88,74,106,68,0.37,0.53,IS
8,80,69,100,84,79,76,66,96,71,65,84,61,72,82,108,99,79,65,116,0.47,0.42,CS
9,71,90,70,72,64,100,61,71,61,61,69,96,83,92,63,75,83,94,88,0.37,0.63,IS
10,88,92,66,61,87,116,65,80,71,116,84,83,68,86,61,116,95,83,90,0.47,0.53,IS
11,79,87,74,99,70,68,65,76,104,78,110,94,81,102,62,79,80,68,101,0.47,0.47,CS
12,90,74,96,65,109,100,112,63,65,67,87,85,113,66,88,69,100,80,119,0.26,0.74,IS
13,75,63,65,78,105,67,70,63,98,66,113,118,80,96,96,74,61,62,65,0.42,0.58,IS
14,78,67,114,63,94,70,81,68,69,119,65,76,75,63,77,90,81,86,65,0.42,0.47,IS
15,87,81,113,84,85,106,73,94,88,68,81,106,82,88,72,65,61,105,68,0.42,0.53,IS
16,82,86,68,62,72,108,63,118,93,97,71,85,83,63,110,65,82,78,101,0.53,0.53,CS
17,99,69,100,80,117,68,111,107,98,63,70,71,70,70,62,65,100,75,91,0.47,0.42,CS
18,76,111,71,74,119,65,115,104,107,107,89,73,79,98,62,61,64,83,80,0.42,0.47,IS
19,83,62,86,77,68,78,89,73,85,75,73,78,76,93,61,78,72,107,120,0.21,0.68,IS
20,105,67,64,95,77,65,90,89,68,77,67,64,69,94,71,101,68,61,92,0.42,0.47,IS
21,97,94,104,113,102,111,93,69,73,72,81,67,97,99,96,81,79,88,87,0.58,0.47,CS
22,72,71,71,88,78,83,85,98,62,109,61,91,108,88,101,119,64,79,118,0.42,0.47,IS
23,84,63,87,85,112,65,78,71,74,111,76,109,71,70,63,69,76,87,65,0.37,0.53,IS
24,65,78,101,86,80,69,61,95,70,88,62,66,77,71,115,110,104,72,87,0.42,0.42,CS
25,73,62,107,68,107,64,62,65,89,93,66,111,69,83,63,101,93,69,80,0.47,0.47,CS
26,111,82,61,65,84,66,69,61,94,69,71,102,67,76,71,80,83,92,67,0.42,0.47,IS
27,74,102,64,93,90,63,67,89,62,113,77,100,83,66,80,67,81,105,68,0.32,0.58,IS
28,71,82,90,66,90,103,63,66,64,88,61,63,107,87,86,106,91,110,95,0.32,0.68,IS
29,73,94,69,72,61,83,93,69,62,77,120,83,67,75,75,89,101,91,64,0.42,0.63,IS
30,117,70,108,107,66,120,76,64,93,73,73,103,102,73,81,64,71,87,63,0.53,0.42,CS
31,87,71,85,113,77,102,67,75,88,62,86,102,85,83,107,98,66,88,102,0.53,0.42,CS
32,73,61,61,108,82,113,73,93,76,64,111,85,108,74,63,118,101,110,91,0.42,0.63,IS
33,70,66,86,79,67,69,62,99,64,79,92,67,62,88,78,80,98,90,93,0.42,0.53,IS
34,116,119,86,90,62,116,79,67,99,74,109,68,103,75,72,74,82,91,92,0.37,0.68,IS
35,71,109,61,74,64,103,102,96,72,65,62,91,105,94,109,62,62,68,118,0.37,0.63,IS
36,71,100,104,61,110,95,61,95,103,78,86,71,105,95,81,69,72,74,100,0.26,0.58,IS
37,63,74,95,113,79,77,92,80,113,82,61,63,90,67,72,65,88,67,67,0.47,0.47,CS
38,106,64,80,76,105,80,101,78,61,110,61,62,109,66,107,80,113,70,105,0.32,0.58,IS
39,113,92,111,78,65,62,82,120,78,104,92,64,66,110,98,65,118,84,66,0.63,0.32,CS
40,102,77,76,77,66,119,82,77,69,65,79,70,84,64,64,95,83,108,96,0.42,0.58,IS
41,99,100,103,101,84,80,72,66,70,72,65,88,61,70,80,103,98,110,113,0.37,0.53,IS
42,80,96,63,61,80,71,65,61,99,67,72,103,64,89,81,84,61,79,116,0.32,0.53,IS
43,120,95,86,70,112,96,61,94,74,96,106,110,88,96,71,83,71,68,77,0.53,0.53,CS
44,91,76,97,103,80,91,95,105,69,104,85,115,68,61,64,78,79,108,104,0.53,0.47,CS
45,76,78,114,106,72,87,72,75,77,67,82,62,93,66,102,103,66,67,89,0.53,0.37,CS
46,64,115,116,99,98,83,64,62,78,107,101,114,68,71,92,61,118,62,92,0.47,0.47,CS
47,109,92,86,79,106,102,120,106,106,119,90,94,105,107,103,85,92,68,94,0.63,0.37,CS
48,71,100,74,81,84,68,82,76,83,84,68,114,70,91,115,94,102,72,102,0.32,0.53,IS
49,100,102,98,92,91,82,102,83,120,105,97,88,118,62,91,78,110,68,85,0.47,0.53,IS
50,85,81,61,74,64,84,68,110,118,86,89,85,111,90,75,117,83,78,66,0.42,0.47,IS
51,75,68,78,61,80,113,64,96,104,69,78,97,81,99,63,85,70,62,68,0.47,0.47,CS
52,95,107,118,96,65,119,65,86,103,82,72,75,72,80,73,64,92,117,61,0.42,0.63,IS
53,66,76,98,79,112,109,93,63,91,87,96,78,71,61,105,80,108,78,84,0.42,0.68,IS
54,71,119,61,98,88,98,93,94,113,100,85,70,76,86,89,112,77,87,61,0.53,0.42,CS
55,69,95,109,62,80,75,106,78,63,73,117,73,90,69,62,109,68,86,85,0.53,0.47,CS
56,71,69,64,102,77,66,103,109,78,106,89,84,78,79,118,94,74,62,74,0.63,0.32,CS
57,72,96,64,63,67,81,86,83,83,104,78,68,94,72,116,87,105,83,108,0.32,0.58,IS
58,71,107,104,70,69,68,61,61,69,78,82,73,94,74,92,74,66,118,71,0.32,0.63,IS
59,78,99,75,103,65,76,113,65,68,80,71,93,97,64,117,79,68,66,70,0.42,0.42,CS
60,64,80,64,64,66,70,100,120,94,64,92,95,68,79,78,65,73,106,62,0.42,0.53,IS
61,63,72,67,102,96,97,103,61,70,112,76,87,79,67,81,106,72,74,62,0.58,0.37,CS
62,79,117,91,82,77,113,86,73,99,98,66,86,90,88,100,68,62,73,72,0.42,0.58,IS
63,98,76,111,101,103,100,73,92,70,104,108,69,74,100,72,117,64,87,70,0.68,0.42,CS
64,68,62,64,115,96,94,77,72,97,73,76,65,86,82,74,88,79,117,119,0.26,0.63,IS
65,81,72,89,67,62,83,76,66,73,67,66,71,74,75,78,97,74,107,63,0.32,0.58,IS
66,98,95,89,69,90,88,119,89,100,87,92,92,69,66,88,66,61,81,68,0.53,0.47,CS
67,104,83,66,108,116,62,91,79,65,72,63,114,114,76,83,101,94,73,101,0.47,0.47,CS
68,87,92,67,69,76,87,111,117,79,66,99,97,68,98,78,120,81,72,96,0.53,0.42,CS
69,63,62,79,77,116,84,73,70,110,116,82,104,76,65,62,97,103,86,83,0.42,0.47,IS
70,78,102,108,97,62,78,104,65,100,63,101,69,86,115,62,66,86,100,85,0.53,0.42,CS
71,93,98,65,85,67,110,68,69,80,85,73,78,62,84,83,75,96,95,97,0.42,0.63,IS
72,88,66,115,82,113,67,68,93,64,98,92,68,74,74,90,103,64,91,114,0.42,0.53,IS
73,72,101,99,62,66,93,120,76,87,71,105,93,67,105,87,65,65,84,80,0.42,0.53,IS
74,88,62,96,81,77,83,75,73,91,116,80,101,82,87,101,95,113,91,79,0.47,0.42,CS
75,69,78,99,77,64,70,80,75,114,65,72,86,65,105,70,66,78,92,85,0.42,0.42,CS
76,119,64,114,89,99,101,100,64,95,67,98,103,70,102,96,72,81,62,114,0.63,0.37,CS
77,75,86,78,84,77,69,76,66,64,77,83,103,84,84,67,84,98,81,69,0.37,0.53,IS
78,63,84,104,103,88,72,69,62,73,69,95,106,80,66,95,76,61,75,92,0.58,0.37,CS
79,79,62,67,63,66,81,63,86,88,77,61,105,86,91,81,94,92,80,70,0.42,0.53,IS
80,80,120,83,63,119,79,84,68,107,68,104,79,74,88,101,79,82,75,102,0.32,0.63,IS
81,87,82,65,67,96,72,89,114,63,77,90,89,91,66,72,119,75,81,118,0.37,0.53,IS
82,79,99,96,68,80,103,73,113,117,62,71,110,61,90,64,87,84,61,67,0.47,0.47,CS
83,110,82,64,61,94,70,74,93,106,105,82,84,88,80,94,91,78,78,90,0.58,0.37,CS
84,64,78,109,71,97,73,98,116,69,102,75,74,80,109,118,63,70,91,80,0.63,0.32,CS
85,62,72,85,75,88,61,65,86,102,83,62,67,102,70,80,62,98,74,77,0.32,0.53,IS
86,82,92,100,92,74,94,68,88,90,66,67,117,62,101,95,67,62,63,99,0.53,0.37,CS
87,94,66,116,64,79,103,83,83,65,73,99,110,117,65,81,75,68,71,77,0.53,0.58,IS
88,89,68,65,80,69,80,99,79,64,62,75,119,115,92,85,75,71,109,65,0.32,0.58,IS
89,85,70,111,78,89,79,104,78,117,82,66,82,109,62,87,87,81,69,113,0.37,0.53,IS
90,79,90,68,100,103,75,67,61,91,86,88,84,94,112,67,77,67,87,82,0.37,0.53,IS
91,115,101,109,94,108,66,102,87,115,99,87,75,70,85,61,101,72,73,85,0.53,0.37,CS
92,117,64,67,67,63,65,92,68,95,91,69,87,116,62,87,92,69,61,73,0.47,0.58,IS
93,63,77,92,62,112,63,89,90,102,90,68,72,70,90,89,73,79,67,79,0.32,0.53,IS
94,66,79,89,100,106,65,70,83,119,81,101,115,106,68,63,69,113,104,100,0.32,0.63,IS
95,72,85,85,104,75,75,77,90,73,116,73,71,111,120,70,72,88,71,100,0.42,0.42,CS
96,72,115,77,90,65,103,90,90,61,85,74,62,107,82,79,112,88,77,86,0.32,0.63,IS
97,80,69,66,77,87,74,66,68,70,68,65,69,67,92,65,102,61,72,61,0.37,0.53,IS
98,79,78,88,87,95,61,62,67,81,65,73,108,67,71,95,89,67,79,105,0.37,0.53,IS
99,70,97,88,110,64,87,98,87,103,101,63,83,107,91,81,93,80,99,67,0.53,0.47,CS
100,114,61,61,63,75,82,92,84,64,61,73,74,89,103,101,105,92,75,110,0.53,0.42,CS
101,95,74,86,81,61,97,67,83,73,105,74,87,99,93,73,61,74,77,102,0.42,0.53,IS
102,68,94,107,101,102,84,62,70,101,75,95,90,76,62,66,105,86,80,71,0.53,0.42,CS
103,96,99,92,71,91,62,64,62,114,63,69,71,86,97,84,87,66,68,73,0.37,0.53,IS
104,71,74,86,66,83,66,116,67,104,76,99,76,83,67,99,71,84,91,71,0.53,0.42,CS
105,66,65,83,77,61,75,96,67,80,72,112,67,114,97,113,90,75,66,64,0.42,0.63,IS
106,74,85,70,95,113,61,83,61,87,95,82,73,69,65,93,85,64,66,94,0.37,0.63,IS
107,63,73,63,69,117,78,61,70,79,84,76,78,87,76,64,93,83,116,72,0.26,0.68,IS
108,62,85,87,90,71,75,77,61,87,112,71,107,67,120,73,73,94,80,71,0.47,0.42,CS
109,65,109,68,67,90,66,103,91,72,109,81,90,69,66,81,108,89,67,77,0.42,0.42,CS
110,63,77,76,111,71,80,97,114,91,77,68,95,66,76,63,74,96,71,104,0.42,0.53,IS
111,70,68,96,65,74,87,68,80,63,69,117,82,111,68,120,63,71,73,68,0.37,0.63,IS
112,88,88,116,72,73,109,90,88,115,77,78,65,76,99,108,67,114,78,112,0.42,0.53,IS
113,108,65,79,61,87,84,82,77,81,69,99,62,86,92,93,86,69,108,111,0.37,0.63,IS
114,67,73,84,88,78,97,91,68,105,80,106,95,97,109,74,87,114,72,101,0.53,0.58,IS
115,72,69,77,75,85,103,97,120,77,101,109,65,86,88,70,82,64,69,65,0.58,0.58,CS
116,105,89,62,101,69,94,84,79,76,65,63,89,93,80,86,84,67,73,100,0.42,0.47,IS
117,101,106,62,100,120,74,63,73,83,66,111,85,78,98,79,101,72,69,77,0.42,0.58,IS
118,109,76,61,103,106,63,106,78,64,77,66,105,70,71,64,71,84,61,73,0.47,0.42,CS
119,70,65,63,76,94,99,68,104,75,61,112,106,66,87,115,67,66,111,106,0.47,0.58,IS
120,97,70,76,76,98,67,103,79,88,67,103,76,69,89,71,88,105,64,78,0.42,0.63,IS
121,72,62,111,65,101,64,79,61,110,66,76,72,93,111,64,64,85,86,87,0.42,0.47,IS
122,62,78,79,105,100,68,93,120,107,75,69,67,81,83,71,63,107,61,112,0.37,0.58,IS
123,62,90,103,83,61,112,78,71,92,76,65,66,102,110,95,69,97,73,82,0.47,0.47,CS
124,61,101,96,71,78,69,66,83,62,62,77,90,83,105,69,106,80,111,78,0.32,0.58,IS
125,81,98,65,61,62,109,82,91,104,80,72,73,73,75,108,67,92,76,96,0.47,0.47,CS
126,67,74,73,83,114,89,84,61,108,78,64,103,102,65,77,112,92,65,68,0.37,0.47,IS
127,71,87,109,99,61,97,116,65,80,77,81,110,63,89,81,81,73,62,71,0.53,0.37,CS
128,84,94,81,98,73,61,84,98,77,86,65,62,71,76,89,81,85,62,80,0.37,0.53,IS
129,95,67,75,78,76,105,78,95,70,76,71,88,77,78,73,62,88,67,83,0.42,0.58,IS
130,61,63,65,91,101,79,79,95,113,88,114,65,74,95,96,75,92,69,99,0.42,0.53,IS
131,99,85,87,68,66,111,108,88,65,65,72,90,67,79,64,86,68,62,72,0.47,0.53,IS
132,93,110,70,81,81,61,93,86,79,83,78,89,98,70,69,86,72,63,83,0.37,0.63,IS
133,84,70,102,82,115,66,78,93,78,62,72,104,74,62,68,66,71,68,90,0.37,0.47,IS
134,78,89,66,74,66,66,120,76,97,92,91,83,64,66,114,62,96,81,67,0.53,0.47,CS
135,72,69,95,82,64,91,69,97,75,61,99,82,76,79,110,94,97,65,75,0.53,0.47,CS
136,91,119,98,89,62,66,82,76,118,83,102,68,74,63,84,109,62,86,97,0.47,0.53,IS
137,79,82,75,64,88,71,97,68,100,97,95,113,79,75,81,111,64,83,82,0.63,0.42,CS
138,83,83,96,65,79,74,91,75,109,88,73,88,83,77,77,74,83,103,69,0.37,0.58,IS
139,79,106,119,72,67,71,82,110,83,91,65,104,80,103,81,69,66,87,62,0.53,0.42,CS
140,86,64,91,112,67,71,92,106,74,85,103,66,105,68,100,64,85,108,70,0.47,0.58,IS
141,96,63,111,91,68,62,95,76,63,82,66,94,74,97,62,94,101,107,72,0.47,0.58,IS
142,101,94,111,70,98,86,75,94,67,75,73,87,71,79,93,64,80,65,81,0.47,0.42,CS
143,100,101,72,61,91,63,97,115,110,99,69,74,77,114,68,82,69,98,70,0.58,0.37,CS
144,92,114,84,79,61,90,113,70,67,103,92,64,110,91,108,85,70,66,88,0.47,0.53,IS
145,65,71,114,75,106,99,113,75,66,86,73,74,113,104,115,95,85,106,66,0.47,0.47,CS
146,73,81,78,61,70,65,63,70,90,93,80,83,64,89,64,63,65,88,84,0.37,0.58,IS
147,106,70,62,96,88,71,62,75,74,82,82,72,67,101,63,94,106,66,101,0.42,0.53,IS
148,65,94,65,101,88,77,78,69,117,64,84,97,93,71,70,117,78,74,107,0.42,0.47,IS
149,100,119,68,81,96,67,62,80,108,61,113,83,65,69,65,73,63,99,64,0.42,0.58,IS
150,80,70,71,82,89,102,73,70,98,91,96,72,62,64,64,71,101,101,81,0.47,0.63,IS
151,94,106,78,81,92,76,71,64,73,103,62,94,70,74,81,74,66,120,69,0.32,0.63,IS
152,88,110,61,78,117,72,68,67,74,63,72,62,65,95,100,119,67,76,75,0.32,0.58,IS
153,86,67,86,64,70,64,66,102,84,66,89,71,63,97,110,68,68,90,62,0.42,0.47,IS
154,76,112,86,69,91,62,67,91,75,77,70,72,114,112,83,76,71,79,92,0.26,0.58,IS
155,84,70,96,88,113,94,77,82,87,64,66,69,68,83,63,93,113,97,78,0.26,0.68,IS
156,71,95,107,82,94,90,90,62,78,80,108,87,116,83,108,76,76,79,99,0.42,0.58,IS
157,94,77,103,103,84,85,62,89,77,98,64,90,109,61,68,99,67,88,67,0.53,0.47,CS
158,102,62,73,118,85,65,99,71,80,105,62,115,86,117,98,86,94,63,71,0.68,0.21,CS
159,116,81,81,77,87,78,65,89,115,62,62,70,115,68,71,72,98,65,85,0.37,0.53,IS
160,66,65,69,76,62,87,81,61,93,99,63,67,88,83,96,73,109,69,72,0.37,0.53,IS
161,76,88,78,104,64,85,75,80,104,66,94,66,62,103,100,82,62,79,65,0.58,0.37,CS
162,102,74,80,89,78,76,82,70,80,112,75,85,77,73,89,82,73,84,69,0.42,0.47,IS
163,66,73,116,101,61,80,80,90,90,67,109,85,72,93,68,84,68,80,85,0.47,0.47,CS
164,114,65,61,99,113,70,80,103,109,92,85,91,86,73,74,109,101,68,67,0.53,0.37,CS
165,84,110,101,101,82,111,105,99,96,102,107,78,74,107,96,119,81,106,61,0.74,0.37,CS
166,62,93,66,107,104,101,94,61,111,73,76,63,110,78,103,66,76,70,73,0.47,0.58,IS
167,74,88,64,70,86,84,112,83,95,82,65,95,89,70,95,103,80,111,83,0.42,0.47,IS
168,86,120,111,102,88,64,63,63,91,84,75,107,107,93,82,112,84,63,78,0.42,0.47,IS
169,87,98,78,61,89,71,62,95,90,86,66,72,62,100,65,111,96,72,90,0.42,0.42,CS
170,106,118,98,90,97,77,74,68,77,79,73,61,109,70,67,69,83,97,83,0.26,0.63,IS
171,113,62,66,76,66,86,93,85,72,86,106,116,71,80,75,77,83,109,90,0.47,0.58,IS
172,64,80,65,120,113,66,93,67,87,112,110,103,105,82,72,96,94,83,81,0.53,0.53,CS
173,102,80,99,67,100,110,73,89,117,80,81,90,101,101,70,98,69,71,67,0.53,0.42,CS
174,92,68,92,74,73,62,89,92,77,87,118,117,95,90,63,66,69,81,73,0.47,0.53,IS
175,66,92,67,61,68,71,97,78,74,67,67,67,114,71,73,83,66,67,61,0.32,0.63,IS
176,83,108,115,97,118,67,105,72,67,91,69,70,75,71,79,82,79,77,97,0.37,0.58,IS
177,94,64,101,82,62,93,93,74,85,82,87,61,72,74,88,80,99,72,84,0.47,0.53,IS
178,69,66,72,107,65,75,63,77,87,69,99,118,115,89,76,72,65,67,95,0.42,0.53,IS
179,91,73,72,68,89,74,70,78,75,90,68,73,66,72,72,71,67,76,96,0.37,0.58,IS
180,68,94,104,77,63,72,68,61,70,99,80,115,64,89,83,66,67,77,95,0.47,0.42,CS
181,90,70,105,72,107,99,78,84,65,65,108,89,102,83,102,94,81,109,67,0.42,0.63,IS
182,99,94,65,92,95,64,97,75,71,94,68,116,85,67,76,118,74,96,79,0.58,0.42,CS
183,61,76,103,75,120,78,77,87,63,63,64,83,62,107,89,86,63,104,71,0.32,0.58,IS
184,113,77,89,118,102,67,68,89,64,61,64,68,84,84,77,103,74,114,67,0.37,0.53,IS
185,88,99,90,65,68,93,120,71,62,64,115,89,104,93,75,75,110,76,81,0.26,0.68,IS
186,63,72,119,98,75,108,103,63,63,86,76,107,68,63,67,86,83,81,74,0.53,0.47,CS
187,88,93,81,73,96,69,116,104,107,120,63,75,116,106,100,101,70,85,78,0.63,0.26,CS
188,77,92,108,80,68,77,71,64,68,70,95,80,74,66,100,62,83,73,65,0.47,0.47,CS
189,96,80,111,82,106,78,102,63,73,88,66,88,91,62,113,77,95,63,69,0.47,0.47,CS
190,61,90,62,89,94,87,98,64,62,69,78,61,98,109,82,86,69,66,72,0.42,0.53,IS
191,78,71,81,92,109,84,66,78,61,69,67,94,95,101,67,108,76,75,66,0.37,0.53,IS
192,80,79,71,64,95,116,73,93,101,96,102,70,65,63,96,73,71,67,99,0.58,0.47,CS
193,81,100,71,69,75,120,68,74,67,95,110,68,118,84,68,63,68,110,93,0.32,0.84,IS
194,69,102,79,79,68,68,105,61,67,85,88,78,99,71,91,105,84,61,62,0.42,0.53,IS
195,110,86,88,76,103,99,80,76,81,100,92,62,86,61,88,63,76,61,64,0.47,0.53,IS
196,86,93,75,102,85,78,77,62,106,88,108,64,93,69,70,102,63,120,73,0.47,0.53,IS
197,77,62,93,81,78,70,75,106,112,64,61,103,71,74,110,96,63,89,61,0.58,0.32,CS
198,90,119,75,62,83,62,69,62,111,62,89,116,83,75,64,70,69,70,76,0.37,0.53,IS
199,100,82,67,67,85,96,98,65,71,73,72,75,71,67,61,68,103,82,70,0.42,0.58,IS
200,80,61,104,81,85,87,96,78,63,73,72,64,78,98,70,95,110,64,97,0.42,0.53,IS
201,103,66,90,110,86,93,92,77,76,82,64,67,85,76,78,73,82,107,67,0.42,0.53,IS
202,116,83,73,66,71,112,84,84,84,65,105,84,105,94,65,65,78,76,78,0.42,0.68,IS
203,102,62,79,96,100,64,78,97,100,62,90,87,71,98,84,65,98,75,81,0.42,0.47,IS
204,74,76,83,92,61,62,93,110,94,110,66,71,61,93,91,86,81,80,103,0.47,0.53,IS
205,70,65,82,118,115,93,62,93,63,113,80,110,68,101,64,93,67,102,74,0.47,0.37,CS
206,113,82,76,91,95,67,75,74,71,61,79,67,106,68,71,77,69,72,75,0.32,0.58,IS
207,102,80,98,68,64,64,66,103,63,62,82,100,69,83,64,99,65,85,75,0.53,0.37,CS
208,85,107,80,77,85,79,99,89,65,78,88,61,71,102,111,73,73,74,96,0.42,0.47,IS
209,109,65,111,66,112,75,92,62,100,66,74,80,91,100,62,92,120,62,95,0.53,0.47,CS
210,64,102,118,111,94,81,65,109,93,68,76,77,69,73,63,65,91,71,92,0.42,0.47,IS
211,63,77,88,115,77,69,73,104,68,87,66,83,101,79,112,70,65,64,73,0.47,0.42,CS
212,97,85,85,64,71,63,117,80,77,91,67,77,64,100,112,69,64,97,71,0.58,0.42,CS
213,92,70,105,75,89,82,102,75,63,77,68,75,73,89,81,68,79,100,111,0.42,0.53,IS
214,113,83,95,108,88,73,83,63,75,74,104,64,105,63,71,85,68,98,96,0.42,0.58,IS
215,67,77,90,83,70,81,76,62,96,91,67,66,80,75,68,73,68,66,104,0.32,0.63,IS
216,64,100,64,120,76,68,83,86,76,79,68,76,93,86,100,63,91,78,64,0.37,0.53,IS
217,69,67,66,86,107,96,80,119,84,92,79,85,79,108,63,100,88,89,91,0.53,0.47,CS
218,103,71,91,74,70,61,78,61,76,101,99,74,66,75,72,74,99,120,68,0.42,0.53,IS
219,98,62,65,120,83,73,88,66,111,62,117,90,77,96,66,113,90,75,67,0.58,0.47,CS
220,68,72,118,70,86,65,82,77,61,111,71,88,74,77,83,72,107,96,86,0.37,0.53,IS
221,66,83,86,90,94,71,114,110,66,88,78,78,82,74,65,81,113,72,63,0.37,0.53,IS
222,102,95,66,84,62,96,98,61,112,85,112,61,66,107,98,115,62,83,70,0.74,0.37,CS
223,111,74,93,69,63,102,62,63,85,88,87,85,112,66,77,74,70,65,89,0.37,0.63,IS
224,95,80,67,73,73,89,112,71,92,62,81,69,77,107,89,74,93,101,80,0.47,0.47,CS
225,116,61,87,71,109,70,81,63,63,61,77,68,97,94,95,86,116,63,95,0.32,0.58,IS
226,67,74,63,81,74,74,88,66,94,67,64,77,73,74,77,96,73,103,104,0.26,0.63,IS
227,90,63,98,68,101,64,67,79,83,87,112,67,72,71,90,66,78,98,91,0.32,0.68,IS
228,74,108,86,94,61,82,61,106,91,117,64,103,118,90,81,64,94,101,79,0.37,0.53,IS
229,80,105,69,83,95,64,98,73,68,64,88,104,78,73,78,102,99,82,94,0.42,0.53,IS
230,90,83,79,88,111,73,81,66,92,109,113,114,62,100,78,101,77,96,101,0.53,0.47,CS
231,71,82,79,111,67,115,107,69,95,93,63,79,94,70,86,74,61,92,80,0.53,0.53,CS
232,103,76,74,93,95,89,72,70,91,84,64,71,71,84,77,62,92,84,114,0.32,0.58,IS
233,70,100,100,90,63,66,100,81,85,69,65,99,97,95,72,69,76,84,108,0.32,0.53,IS
234,61,83,65,78,96,74,67,70,83,99,69,81,95,66,94,115,91,80,63,0.47,0.47,CS
235,90,101,61,92,66,85,68,62,81,75,93,70,93,61,62,117,62,103,111,0.26,0.68,IS
236,77,90,95,103,62,84,93,81,69,104,63,61,66,61,96,73,91,74,67,0.53,0.42,CS
237,87,113,67,76,62,109,66,68,81,74,87,70,75,104,73,67,93,70,98,0.37,0.63,IS
238,73,64,89,86,111,66,95,96,118,109,63,109,66,82,103,71,114,111,105,0.42,0.53,IS
239,77,70,87,69,101,68,75,71,61,85,78,106,80,112,61,75,66,87,63,0.37,0.53,IS
240,67,112,72,71,66,100,77,67,75,68,108,96,73,72,69,77,71,63,85,0.37,0.74,IS
241,76,95,61,79,74,107,70,71,65,82,69,63,110,84,86,80,109,77,95,0.26,0.74,IS
242,62,86,63,83,71,99,77,87,74,94,70,62,75,71,64,90,101,99,71,0.42,0.58,IS
243,71,90,114,67,73,110,66,73,65,75,94,110,89,87,91,111,68,84,64,0.63,0.47,CS
244,98,93,67,65,96,75,67,100,75,100,70,67,80,67,71,72,70,69,93,0.47,0.47,CS
245,116,81,81,75,69,68,66,84,72,112,64,71,66,105,81,65,89,108,65,0.42,0.47,IS
246,80,61,100,84,82,100,98,109,75,92,71,102,70,62,66,92,82,61,63,0.68,0.47,CS
247,88,67,69,108,67,99,101,62,119,79,64,106,79,93,78,78,99,109,87,0.53,0.42,CS
248,103,99,65,67,108,113,82,66,112,69,115,77,79,64,80,103,75,74,117,0.42,0.63,IS
249,67,88,88,119,116,118,95,93,94,68,106,67,61,67,110,79,67,77,75,0.53,0.58,IS
250,67,86,63,87,86,94,76,75,87,75,68,112,86,99,81,75,94,73,69,0.37,0.47,IS
251,100,69,67,63,111,69,86,78,87,67,64,105,79,119,75,80,82,65,75,0.42,0.47,IS
252,69,87,65,110,81,106,84,67,75,71,62,86,86,73,83,80,115,61,85,0.37,0.63,IS
253,108,66,62,70,66,78,88,85,73,69,72,65,63,90,93,83,93,79,64,0.42,0.53,IS
254,80,101,106,84,108,71,94,101,99,90,76,91,72,64,62,115,77,65,61,0.42,0.47,IS
255,89,94,77,61,102,101,117,66,76,86,111,70,110,63,96,89,71,71,83,0.42,0.68,IS
256,116,68,68,94,64,91,75,100,82,83,80,81,63,117,67,94,95,70,62,0.53,0.42,CS
257,64,77,84,90,71,81,97,93,77,63,85,93,89,94,116,95,107,88,92,0.42,0.47,IS
258,76,61,63,90,79,71,69,103,76,120,89,63,100,65,76,86,63,108,105,0.32,0.58,IS
259,74,89,100,78,64,101,63,118,86,75,110,100,62,69,70,84,70,86,62,0.58,0.53,CS
260,90,81,72,91,64,95,90,72,99,74,91,65,112,68,86,77,93,110,87,0.26,0.63,IS
261,81,66,75,72,80,62,91,63,75,89,112,93,79,94,62,99,73,71,80,0.47,0.58,IS
262,104,94,63,113,88,67,67,70,100,88,82,61,72,68,75,63,65,105,97,0.42,0.47,IS
263,70,65,69,109,108,61,107,98,66,74,100,102,89,90,88,65,99,87,69,0.53,0.42,CS
264,64,69,80,83,106,106,86,76,90,78,110,86,61,99,112,73,96,88,65,0.42,0.63,IS
265,97,106,102,70,74,70,69,71,118,112,69,87,64,94,73,98,64,106,95,0.47,0.47,CS
266,111,102,98,116,77,77,74,62,103,65,91,71,74,96,88,99,71,119,63,0.47,0.47,CS
267,95,83,80,104,89,74,68,78,93,73,72,84,66,96,89,116,77,64,107,0.42,0.53,IS
268,78,62,62,70,92,64,69,71,111,87,83,100,93,99,70,69,94,72,71,0.42,0.42,CS
269,63,112,82,114,96,69,65,103,106,79,67,67,78,67,87,61,103,82,81,0.37,0.53,IS
270,71,116,78,68,66,66,93,73,70,87,114,69,75,100,77,66,77,80,88,0.42,0.63,IS
271,111,73,84,96,85,88,85,87,61,104,115,79,83,62,82,112,69,82,98,0.53,0.47,CS
272,77,82,74,98,103,64,65,110,90,109,81,102,92,89,86,87,78,61,87,0.42,0.47,IS
273,63,93,63,109,72,69,96,107,79,111,85,117,109,61,92,68,84,89,70,0.58,0.42,CS
274,99,76,92,68,71,62,93,89,71,66,66,78,61,89,116,98,100,68,71,0.53,0.42,CS
275,99,63,96,79,69,75,72,97,80,78,97,113,98,64,61,72,86,81,105,0.47,0.47,CS
276,86,108,74,99,78,102,117,108,76,107,62,103,91,62,80,62,64,62,81,0.53,0.42,CS
277,65,65,116,80,68,83,77,91,120,68,100,91,76,61,82,76,61,115,75,0.42,0.47,IS
278,79,66,92,62,105,98,103,73,61,65,111,85,65,66,90,103,93,71,78,0.47,0.58,IS
279,76,81,99,95,66,72,101,105,90,96,79,78,84,66,65,103,98,100,119,0.47,0.42,CS
280,62,64,68,109,81,117,72,76,64,63,74,74,97,119,65,69,63,90,73,0.47,0.53,IS
281,118,81,70,90,85,72,74,62,72,75,85,63,82,73,64,94,72,68,109,0.37,0.58,IS
282,94,91,107,78,66,101,61,74,70,62,106,74,102,78,100,83,117,73,61,0.47,0.63,IS
283,74,90,91,117,61,77,68,91,66,66,102,117,76,87,62,79,66,64,100,0.47,0.42,CS
284,112,68,98,67,63,76,83,71,101,81,89,67,84,111,103,69,99,61,82,0.53,0.37,CS
285,99,98,77,76,64,86,71,73,77,112,71,69,65,72,67,104,61,62,72,0.47,0.42,CS
286,74,84,61,64,85,64,79,88,84,102,86,62,102,94,71,119,86,92,77,0.37,0.47,IS
287,110,112,79,61,103,80,101,114,101,71,95,68,86,105,66,81,73,105,71,0.47,0.47,CS
288,76,80,104,62,84,74,108,114,65,93,100,91,74,82,82,61,86,86,109,0.53,0.47,CS
289,75,95,63,91,74,96,82,101,99,118,97,77,90,106,86,78,118,102,63,0.47,0.42,CS
290,98,61,73,79,70,62,85,95,78,78,85,91,89,94,115,88,101,67,71,0.42,0.47,IS
291,83,87,72,65,108,71,83,98,84,117,69,97,116,62,100,93,90,64,106,0.37,0.58,IS
292,85,73,73,80,66,68,76,94,63,61,62,84,109,83,86,74,62,84,81,0.26,0.58,IS
293,95,78,62,70,68,74,74,119,112,87,88,89,66,75,70,75,116,103,102,0.32,0.58,IS
294,63,81,76,72,101,99,107,81,62,84,68,70,66,83,77,63,110,106,87,0.26,0.68,IS
295,61,69,73,100,68,72,78,101,80,104,106,64,80,77,119,68,64,65,107,0.53,0.47,CS
296,89,113,64,109,99,69,80,77,64,61,96,119,61,117,102,117,69,85,67,0.53,0.37,CS
297,70,85,71,80,91,95,98,102,72,78,109,82,75,94,75,63,66,84,62,0.47,0.58,IS
298,84,71,103,61,111,62,78,73,94,76,73,68,117,69,102,64,73,78,90,0.32,0.58,IS
299,74,65,94,93,92,72,82,62,85,72,82,71,114,72,96,61,90,107,62,0.26,0.63,IS
300,67,62,84,93,69,67,63,93,83,107,92,63,82,82,94,114,105,73,76,0.47,0.47,CS
301,80,78,68,85,65,112,111,65,86,64,116,81,92,84,76,78,93,106,113,0.37,0.74,IS
302,65,78,91,62,70,84,82,72,78,69,76,113,87,62,71,118,110,68,64,0.37,0.53,IS
303,79,98,63,74,75,119,110,65,70,76,73,63,92,64,99,85,87,69,101,0.47,0.53,IS
304,97,82,114,72,73,74,63,61,65,71,96,87,63,77,101,119,69,76,76,0.58,0.42,CS
305,85,82,61,84,84,75,110,100,110,91,79,90,71,80,73,82,112,92,72,0.47,0.47,CS
306,61,69,107,99,80,67,75,120,62,67,84,89,101,69,89,70,72,108,72,0.37,0.47,IS
307,101,80,75,73,66,100,62,110,105,101,71,91,70,71,109,75,65,67,68,0.63,0.37,CS
308,92,85,109,111,79,83,77,117,74,77,102,72,93,97,68,113,107,87,118,0.53,0.47,CS
309,93,62,82,71,79,65,85,95,87,76,66,63,85,67,70,105,61,94,81,0.42,0.47,IS
310,91,105,114,66,104,116,78,79,119,68,95,107,63,91,74,92,68,92,109,0.53,0.63,IS
311,80,76,113,88,78,84,105,75,68,101,114,78,99,68,74,75,86,79,69,0.53,0.47,CS
312,87,76,78,61,68,97,83,75,64,99,74,111,65,86,79,62,76,78,63,0.47,0.47,CS
313,86,99,98,77,63,62,100,109,97,85,69,113,80,76,84,67,67,95,73,0.42,0.42,CS
314,73,77,87,69,68,108,89,109,61,66,94,78,120,93,64,83,69,97,87,0.42,0.63,IS
315,80,91,85,69,78,88,69,112,113,94,70,72,85,68,74,61,85,85,76,0.47,0.47,CS
316,74,89,61,61,116,77,67,117,102,70,71,108,94,92,69,80,83,80,76,0.42,0.47,IS
317,102,94,61,68,105,70,61,74,106,92,66,73,78,88,104,83,112,71,85,0.42,0.53,IS
318,69,61,98,91,72,76,74,72,87,68,95,61,82,72,110,97,97,69,105,0.42,0.53,IS
319,113,66,70,72,98,101,81,67,89,75,92,71,63,87,73,95,72,94,72,0.53,0.53,CS
320,87,70,80,95,76,64,82,110,113,102,61,74,64,103,77,72,68,91,83,0.53,0.37,CS
321,99,103,73,92,100,73,107,65,96,63,109,95,92,116,84,63,73,97,109,0.37,0.63,IS
322,65,68,88,99,71,80,87,111,73,63,63,107,70,81,65,78,70,75,89,0.42,0.42,CS
323,100,100,106,81,117,74,73,69,72,76,117,97,78,71,82,70,71,61,100,0.37,0.63,IS
324,61,63,87,88,88,96,65,88,69,86,104,76,89,79,68,78,110,91,74,0.37,0.68,IS
325,80,105,71,67,91,76,75,90,91,86,73,62,63,69,61,109,115,61,84,0.26,0.58,IS
326,69,89,64,77,70,100,115,106,98,67,68,77,76,70,88,89,81,117,116,0.37,0.63,IS
327,81,91,109,89,62,70,113,62,97,104,83,62,69,67,102,64,77,77,90,0.53,0.37,CS
328,85,63,74,66,63,63,90,74,95,89,77,78,69,75,87,84,62,78,93,0.32,0.58,IS
329,89,70,116,100,68,67,84,64,71,84,87,103,88,68,102,84,120,94,77,0.47,0.42,CS
330,114,120,63,63,88,68,92,88,76,80,62,80,105,69,91,109,103,119,67,0.32,0.68,IS
331,69,80,67,103,97,65,69,77,89,80,63,67,64,85,66,63,97,97,88,0.37,0.53,IS
332,85,68,86,74,74,119,115,106,77,89,76,84,89,79,101,75,105,64,82,0.47,0.53,IS
333,71,99,77,63,95,91,65,61,84,67,86,120,100,73,83,88,108,69,85,0.26,0.58,IS
334,105,107,102,62,75,114,90,79,99,85,61,71,118,74,86,113,80,65,90,0.42,0.53,IS
335,90,74,90,113,97,77,102,88,112,85,79,97,104,93,68,71,70,97,83,0.42,0.47,IS
336,117,65,81,84,63,88,80,95,63,83,119,90,90,67,75,95,73,84,111,0.42,0.53,IS
337,105,73,74,83,91,112,89,87,84,81,110,100,72,62,96,92,89,90,93,0.63,0.53,CS
338,96,66,90,73,107,84,111,91,104,67,98,74,83,93,68,97,75,114,75,0.47,0.47,CS
339,73,104,97,88,106,71,83,91,73,120,69,74,101,77,96,103,104,118,86,0.26,0.58,IS
340,73,90,79,67,95,67,95,75,92,61,64,64,69,118,72,62,68,84,113,0.37,0.58,IS
341,74,68,78,101,111,83,64,83,70,63,64,75,67,100,68,75,68,89,77,0.37,0.53,IS
342,94,86,70,80,113,93,67,62,90,105,71,116,75,70,112,93,80,96,101,0.53,0.47,CS
343,103,65,106,83,64,110,78,63,63,118,80,69,82,119,82,100,101,85,95,0.63,0.37,CS
344,100,64,85,109,87,64,116,79,70,76,90,120,84,77,107,84,102,72,64,0.53,0.32,CS
345,61,88,97,105,105,67,73,98,98,105,67,91,102,83,71,68,69,109,68,0.32,0.53,IS
346,103,74,107,82,97,100,99,97,89,63,63,79,87,107,93,85,98,81,110,0.63,0.42,CS
347,103,72,79,73,97,64,107,64,98,82,80,64,86,113,62,99,71,87,105,0.47,0.42,CS
348,88,108,105,82,84,64,69,89,75,92,81,80,64,79,70,96,120,91,90,0.37,0.58,IS
349,71,65,79,103,100,65,63,105,93,68,64,111,85,83,83,76,92,78,66,0.42,0.47,IS
350,100,64,68,111,90,93,61,81,101,81,65,87,116,109,68,94,94,94,88,0.53,0.42,CS
351,73,79,72,85,71,103,62,61,92,72,99,69,65,83,83,84,82,77,71,0.42,0.63,IS
352,83,82,66,102,67,61,66,88,62,85,117,84,93,62,84,107,80,74,79,0.47,0.53,IS
353,104,108,69,69,79,81,74,67,78,77,111,105,65,66,63,86,85,62,89,0.42,0.58,IS
354,62,94,61,71,82,117,76,85,120,64,114,68,77,110,78,74,81,71,62,0.53,0.58,IS
355,86,80,114,86,62,83,82,71,86,68,86,118,74,72,113,62,84,84,81,0.47,0.42,CS
356,94,99,116,100,83,89,116,66,79,80,85,117,65,61,104,91,72,67,74,0.63,0.32,CS
357,70,100,64,75,79,87,95,83,90,81,64,103,75,112,64,116,85,98,69,0.47,0.47,CS
358,86,71,78,111,74,99,85,78,111,114,102,62,70,61,73,97,111,100,83,0.58,0.42,CS
359,64,80,111,97,80,84,103,65,71,68,78,89,104,76,69,91,92,73,108,0.37,0.58,IS
360,63,78,83,70,80,78,62,73,71,118,81,93,103,98,81,90,105,62,65,0.26,0.63,IS
361,104,73,66,98,118,70,72,104,68,96,120,107,65,76,88,88,69,92,106,0.47,0.58,IS
362,67,100,63,78,77,77,97,107,94,88,70,75,68,78,114,68,88,83,74,0.42,0.53,IS
363,71,64,64,113,68,99,70,76,65,88,78,61,68,66,94,74,88,114,73,0.42,0.58,IS
364,71,70,88,81,77,76,76,68,67,101,69,76,86,62,62,69,83,93,91,0.37,0.53,IS
365,67,64,112,74,112,66,65,74,98,78,62,98,101,93,71,94,81,83,87,0.37,0.58,IS
366,67,83,87,120,94,120,67,96,112,90,83,90,61,69,75,113,73,78,116,0.53,0.47,CS
367,76,69,75,87,77,83,74,67,87,77,89,117,64,91,81,82,120,77,107,0.26,0.63,IS
368,114,110,83,63,71,75,78,69,68,109,70,71,73,77,98,90,80,64,98,0.42,0.47,IS
369,76,73,117,61,91,68,90,115,87,92,74,96,80,69,88,110,97,74,96,0.53,0.42,CS
370,94,82,96,62,65,66,68,62,95,94,75,61,85,75,66,70,102,65,78,0.37,0.58,IS
371,109,76,81,75,68,101,78,112,92,71,114,63,80,81,86,75,81,74,78,0.53,0.58,IS
372,109,83,76,73,88,105,67,64,107,62,98,76,79,62,69,63,88,106,62,0.47,0.58,IS
373,92,112,83,77,89,84,88,65,91,61,116,71,75,64,80,63,115,74,98,0.32,0.74,IS
374,65,95,68,101,115,100,87,94,61,76,75,75,91,90,109,70,73,82,83,0.42,0.53,IS
375,105,106,63,67,75,85,78,74,118,63,89,68,86,68,62,67,91,106,69,0.32,0.58,IS
376,70,65,88,65,120,118,105,69,62,62,70,66,85,88,114,71,67,103,73,0.37,0.63,IS
377,111,110,85,67,95,77,81,64,62,90,66,86,83,105,63,69,70,106,70,0.32,0.58,IS
378,83,65,107,73,75,89,83,98,61,120,67,88,87,93,84,80,93,69,67,0.47,0.42,CS
379,84,63,62,110,64,103,94,65,71,89,67,83,76,61,104,76,70,104,114,0.42,0.63,IS
380,71,81,100,120,70,75,82,68,73,61,76,78,73,73,61,61,66,63,78,0.42,0.47,IS
381,98,80,76,67,80,110,80,86,61,83,91,75,65,85,92,90,63,81,64,0.53,0.63,IS
382,66,62,74,81,62,70,91,67,69,66,77,75,83,97,67,102,82,97,70,0.42,0.53,IS
383,83,71,63,70,76,63,110,112,75,61,86,75,81,102,61,76,94,71,79,0.47,0.42,CS
384,81,65,108,86,66,95,71,62,105,63,79,64,96,75,64,116,82,90,87,0.47,0.42,CS
385,94,68,117,80,98,119,62,111,88,76,64,95,71,97,71,102,77,87,93,0.58,0.47,CS
386,85,102,80,73,76,97,116,65,102,94,78,76,61,74,63,81,67,108,73,0.42,0.58,IS
387,81,83,68,82,109,67,80,99,117,85,101,119,108,80,72,96,63,87,88,0.47,0.47,CS
388,63,97,67,83,108,79,107,74,63,75,70,101,86,111,73,88,72,75,103,0.37,0.53,IS
389,96,83,68,63,61,69,76,67,86,92,66,92,64,97,97,78,68,100,96,0.47,0.53,IS
390,71,99,88,88,69,85,80,99,109,68,64,78,80,91,96,90,70,74,111,0.37,0.47,IS
391,65,96,70,95,100,88,77,105,84,64,71,61,75,64,114,96,96,74,73,0.42,0.47,IS
392,74,68,84,78,75,85,72,101,120,103,73,78,102,88,96,63,78,79,71,0.47,0.37,CS
393,64,86,83,75,66,74,64,66,87,78,61,101,74,76,76,99,90,65,71,0.42,0.47,IS
394,64,78,63,108,99,115,62,65,79,71,61,96,81,75,83,111,63,100,118,0.37,0.58,IS
395,83,81,90,64,115,80,67,71,66,91,87,96,71,98,64,78,107,70,88,0.26,0.68,IS
396,100,74,77,69,78,101,103,77,70,72,65,77,84,70,74,110,65,64,116,0.47,0.53,IS
397,75,80,62,94,67,90,70,67,65,69,64,64,86,83,111,72,61,99,92,0.37,0.53,IS
398,107,69,116,63,93,70,83,119,113,65,92,68,85,72,119,63,62,92,90,0.63,0.32,CS
399,110,96,82,88,74,68,77,113,61,92,82,77,72,70,61,62,97,74,64,0.47,0.47,CS
400,62,61,75,68,69,74,72,120,64,115,84,62,106,75,74,76,63,74,115,0.32,0.58,IS
401,96,99,64,98,96,65,90,82,67,96,89,75,119,98,109,81,81,96,87,0.37,0.58,IS
402,76,62,97,85,77,105,67,115,77,108,71,61,64,81,62,83,61,81,68,0.47,0.53,IS
403,62,112,82,68,120,104,88,77,80,77,69,74,92,91,78,95,98,94,75,0.32,0.68,IS
404,74,89,101,64,88,96,61,80,89,81,83,66,81,61,68,110,111,63,64,0.42,0.53,IS
405,77,86,100,68,95,61,105,78,62,65,64,86,88,64,104,70,72,68,74,0.47,0.42,CS
406,66,113,65,66,90,76,86,62,74,64,86,81,65,120,97,70,92,73,63,0.37,0.53,IS
407,82,74,102,92,78,68,84,79,93,80,90,62,117,105,102,107,70,93,110,0.42,0.47,IS
408,66,63,73,93,106,105,61,94,92,67,68,92,91,73,75,74,89,99,65,0.32,0.63,IS
409,85,102,116,95,90,74,67,77,97,70,112,80,73,79,67,69,80,69,61,0.37,0.63,IS
410,66,80,95,63,90,105,116,65,61,92,70,65,77,84,117,98,70,106,64,0.53,0.53,CS
411,77,73,100,72,98,101,61,86,90,89,68,76,66,91,71,72,108,118,63,0.32,0.68,IS
412,61,64,102,95,78,118,96,111,84,74,64,62,95,103,87,71,62,70,65,0.58,0.47,CS
413,89,65,66,80,90,107,103,100,74,78,100,66,61,66,111,63,64,84,75,0.58,0.47,CS
414,80,70,117,84,89,88,84,75,88,104,69,88,94,110,80,63,105,61,76,0.42,0.47,IS
415,97,84,93,107,68,108,85,89,64,62,85,97,95,64,75,79,98,77,66,0.47,0.58,IS
416,77,101,61,66,63,87,61,106,67,87,104,98,65,107,79,90,73,102,61,0.37,0.58,IS
417,69,73,80,114,61,63,71,112,64,78,100,118,91,114,84,72,94,62,89,0.58,0.37,CS
418,80,107,114,96,66,95,98,76,65,91,65,67,76,109,70,63,105,65,70,0.42,0.58,IS
419,66,72,67,63,96,100,68,62,81,68,61,94,61,105,71,72,105,75,110,0.32,0.68,IS
420,87,106,87,75,86,61,77,80,76,62,61,99,62,112,112,75,116,83,76,0.32,0.53,IS
421,87,93,87,85,90,78,62,97,69,74,68,80,65,69,65,76,95,96,115,0.32,0.58,IS
422,117,85,61,79,79,94,72,92,91,110,112,75,85,85,94,74,63,77,91,0.53,0.47,CS
423,70,84,68,81,76,111,68,69,92,108,72,118,99,93,118,64,111,65,65,0.47,0.53,IS
424,64,85,102,69,110,81,98,66,81,66,69,71,75,71,73,62,66,96,63,0.37,0.58,IS
425,99,74,69,78,71,83,89,119,88,94,98,77,70,113,93,89,76,76,92,0.63,0.42,CS
426,65,87,76,68,70,68,62,79,105,72,96,102,84,81,67,74,75,102,76,0.42,0.47,IS
427,72,75,68,94,61,91,110,80,99,107,79,63,64,73,72,61,68,80,117,0.37,0.47,IS
428,98,94,89,91,85,69,67,88,95,86,75,67,97,72,81,63,100,74,76,0.37,0.58,IS
429,77,61,66,78,61,88,63,87,63,95,61,97,87,75,77,94,80,77,99,0.42,0.58,IS
430,79,72,71,75,62,82,96,94,120,108,62,70,66,72,73,70,80,70,108,0.42,0.47,IS
431,85,68,85,65,97,100,75,105,81,98,64,61,70,85,97,88,72,81,120,0.47,0.58,IS
432,61,100,62,78,81,64,101,88,70,110,81,71,74,63,75,81,108,63,62,0.32,0.58,IS
433,66,85,72,95,108,66,97,62,61,72,81,109,70,65,91,75,67,112,101,0.37,0.63,IS
434,63,97,99,117,65,62,61,72,94,85,63,72,90,69,69,119,85,80,77,0.42,0.42,CS
435,74,64,72,82,105,62,106,61,118,86,73,82,94,76,75,108,85,110,98,0.37,0.53,IS
436,67,94,74,78,72,77,65,85,73,89,112,73,88,115,67,68,66,79,73,0.42,0.58,IS
437,71,115,61,86,77,77,84,80,80,91,64,70,81,79,90,113,89,74,80,0.37,0.58,IS
438,67,79,69,92,77,66,78,87,67,75,77,80,64,100,103,88,87,73,64,0.42,0.47,IS
439,62,69,68,114,100,65,86,67,64,87,75,85,107,76,103,82,66,79,68,0.32,0.58,IS
440,93,99,109,61,69,91,67,108,62,68,75,116,111,70,70,67,72,109,89,0.37,0.53,IS
441,72,79,85,79,67,75,76,113,93,117,67,66,73,67,65,100,84,118,73,0.42,0.47,IS
442,107,72,88,88,117,112,62,64,79,95,115,71,63,90,66,73,89,120,84,0.42,0.74,IS
443,63,111,61,103,74,96,74,66,96,74,71,80,94,78,62,105,89,77,93,0.42,0.53,IS
444,64,64,61,66,83,66,85,91,97,119,116,80,89,96,95,66,72,61,94,0.47,0.47,CS
445,84,65,100,69,70,71,72,90,65,66,76,107,78,67,83,118,73,105,86,0.42,0.42,CS
446,73,83,77,70,73,86,102,75,87,104,81,78,86,72,61,64,92,114,116,0.32,0.58,IS
447,83,63,78,80,86,83,85,98,93,78,67,77,86,72,82,74,109,81,72,0.32,0.58,IS
448,75,68,84,65,106,87,71,98,110,92,81,86,80,77,97,79,73,64,86,0.47,0.47,CS
449,81,104,114,86,66,66,75,118,70,67,80,87,65,85,76,118,63,115,117,0.32,0.58,IS
450,88,81,68,80,61,114,63,98,64,69,107,66,87,86,100,90,61,61,61,0.53,0.58,IS
451,117,96,69,92,78,87,82,75,113,70,94,70,71,113,115,70,68,73,120,0.53,0.42,CS
452,69,67,101,113,119,68,70,96,84,73,64,62,73,101,90,81,70,91,90,0.47,0.42,CS
453,75,115,94,77,68,70,76,74,89,116,98,85,109,69,76,74,65,84,79,0.32,0.63,IS
454,98,80,83,102,61,84,83,78,67,87,116,62,70,63,81,85,74,77,79,0.47,0.58,IS
455,79,90,116,90,79,64,104,69,71,120,87,92,62,92,74,77,76,98,84,0.47,0.42,CS
456,73,101,63,91,71,81,89,65,120,70,98,91,111,69,119,87,89,105,71,0.32,0.63,IS
457,66,78,89,105,90,96,107,80,62,86,104,73,64,67,75,66,101,62,75,0.53,0.53,CS
458,66,74,79,77,62,65,115,69,63,88,67,80,102,79,87,113,93,84,71,0.37,0.47,IS
459,82,75,75,78,98,64,88,67,64,75,110,92,108,74,66,104,72,85,89,0.37,0.63,IS
460,75,78,87,97,69,64,78,81,98,67,101,102,82,115,96,89,95,65,65,0.53,0.42,CS
461,69,86,102,76,108,76,87,78,66,76,119,77,112,67,82,68,68,65,78,0.32,0.68,IS
462,69,72,68,71,119,92,74,102,75,62,117,76,93,70,78,73,81,66,74,0.37,0.63,IS
463,63,76,116,62,74,84,85,68,64,113,119,76,65,90,78,91,62,119,100,0.47,0.58,IS
464,82,61,81,103,90,69,91,88,61,72,76,96,92,62,66,93,66,68,87,0.47,0.53,IS
465,78,64,119,86,85,66,72,70,72,117,71,86,70,70,80,78,93,72,75,0.42,0.47,IS
466,114,96,114,100,63,108,114,96,63,76,64,118,93,105,68,99,70,85,80,0.79,0.21,CS
467,84,68,77,65,102,67,64,88,90,105,106,72,85,64,67,96,80,63,104,0.37,0.63,IS
468,75,95,61,70,78,68,83,69,93,72,70,76,73,89,83,77,67,81,73,0.32,0.58,IS
469,76,105,80,70,105,69,73,62,81,62,100,71,97,69,71,87,97,63,74,0.26,0.68,IS
470,79,103,93,105,66,73,63,73,82,87,84,76,111,69,67,72,61,63,100,0.26,0.63,IS
471,64,113,83,68,83,66,63,71,71,70,61,93,116,71,83,87,65,77,68,0.21,0.68,IS
472,65,71,87,79,68,76,87,71,68,96,98,73,71,62,68,83,83,62,101,0.42,0.58,IS
473,103,84,78,65,94,100,76,69,73,78,93,95,66,88,104,72,70,76,109,0.47,0.58,IS
474,72,87,71,67,66,82,85,84,61,75,98,98,62,114,64,100,64,68,68,0.47,0.47,CS
475,109,63,66,78,107,73,62,100,95,63,66,64,66,86,76,82,62,112,97,0.32,0.58,IS
476,108,115,114,71,90,88,113,70,67,64,63,101,88,76,64,102,104,87,84,0.47,0.42,CS
477,67,65,102,83,70,104,79,75,72,74,67,61,83,85,106,90,91,66,80,0.47,0.53,IS
478,75,92,108,78,95,70,92,73,65,72,62,69,100,72,120,93,61,62,70,0.53,0.47,CS
479,112,72,94,81,80,84,70,102,93,80,61,68,105,81,64,71,102,71,62,0.32,0.53,IS
480,61,108,85,112,65,109,116,107,107,65,96,72,75,66,81,71,65,95,89,0.58,0.47,CS
481,85,76,64,82,66,96,97,89,102,61,79,69,82,70,85,112,79,112,113,0.42,0.58,IS
482,118,75,68,69,69,64,104,82,67,94,73,73,85,84,100,91,115,75,82,0.53,0.47,CS
483,61,81,93,95,91,65,91,84,78,92,85,65,68,67,99,83,99,70,89,0.47,0.53,IS
484,79,82,103,74,102,69,63,73,117,73,67,62,67,88,62,80,74,69,72,0.37,0.53,IS
485,88,66,81,102,101,88,63,70,64,76,79,96,82,75,102,71,109,96,72,0.32,0.58,IS
486,67,118,72,85,74,69,110,76,67,62,73,62,84,69,67,92,92,61,89,0.37,0.58,IS
487,98,78,100,67,61,90,61,63,119,74,75,65,104,73,80,99,92,68,71,0.47,0.47,CS
488,67,83,100,101,100,75,72,72,80,87,81,65,98,89,109,69,94,108,61,0.37,0.53,IS
489,87,100,62,92,106,88,98,66,83,64,73,72,61,112,81,98,100,96,110,0.32,0.63,IS
490,64,75,76,72,61,118,69,90,113,93,87,74,84,98,79,92,82,119,64,0.47,0.58,IS
491,76,97,103,95,90,73,84,106,68,83,82,72,68,82,73,97,65,63,76,0.47,0.42,CS
492,64,63,75,74,71,84,83,113,65,74,110,116,77,101,89,120,65,79,68,0.58,0.42,CS
493,68,93,83,97,92,89,98,74,87,73,114,64,94,85,79,95,71,67,81,0.47,0.58,IS
494,72,98,80,85,71,67,91,104,66,75,79,65,99,73,72,95,72,116,61,0.42,0.53,IS
495,66,68,64,64,84,78,110,93,85,69,106,68,88,68,69,63,69,67,115,0.37,0.58,IS
496,83,85,73,65,81,88,70,102,77,100,93,61,86,116,80,87,87,104,92,0.47,0.47,CS
497,93,92,76,94,80,69,97,63,92,93,104,88,111,91,93,93,79,88,92,0.58,0.68,IS
498,112,85,68,86,70,88,70,111,98,68,71,105,71,69,94,100,83,70,86,0.58,0.37,CS
499,62,78,90,64,81,106,77,103,82,87,72,88,70,75,90,87,70,85,88,0.42,0.58,IS
500,62,76,74,80,88,75,77,111,93,105,70,99,82,71,103,109,117,67,99,0.47,0.37,CS
501,71,79,74,105,65,64,65,94,76,102,116,83,103,88,63,75,107,78,67,0.37,0.58,IS
502,84,99,111,67,72,69,101,76,70,100,77,69,76,109,85,93,81,105,107,0.42,0.47,IS
503,76,61,112,110,89,84,72,111,82,113,70,72,62,69,75,120,85,66,83,0.58,0.32,CS
504,74,70,113,65,62,100,83,86,67,111,62,93,64,68,69,66,79,83,74,0.47,0.53,IS
505,110,76,92,91,111,70,93,77,113,67,67,91,70,91,73,82,73,113,81,0.37,0.58,IS
506,111,96,70,61,85,61,82,92,77,65,62,105,83,75,65,63,92,63,66,0.42,0.42,CS
507,106,79,73,63,91,104,78,101,75,77,88,76,94,109,69,63,80,90,108,0.47,0.53,IS
508,81,83,80,85,63,61,74,92,78,92,114,70,84,62,65,81,109,102,103,0.26,0.68,IS
509,108,87,91,88,78,65,75,87,93,72,69,75,61,84,113,111,100,74,71,0.47,0.42,CS
510,83,69,86,63,61,81,68,80,75,106,70,71,112,99,103,116,117,103,78,0.32,0.53,IS
511,67,90,76,71,96,79,67,70,80,75,77,89,92,108,104,76,72,88,67,0.42,0.47,IS
512,63,87,75,105,118,82,89,83,61,97,69,79,84,73,116,72,61,90,67,0.42,0.53,IS
513,64,81,76,79,91,84,97,91,86,101,90,83,82,74,83,96,85,69,110,0.42,0.47,IS
514,90,78,68,101,75,78,108,87,111,81,73,73,112,92,66,66,69,80,95,0.42,0.47,IS
515,82,69,85,106,86,109,71,106,86,93,64,81,88,68,111,102,78,77,83,0.63,0.42,CS
516,64,113,61,66,64,84,65,119,84,88,69,119,88,100,67,62,115,73,65,0.37,0.53,IS
517,110,104,63,71,65,80,63,85,93,61,106,95,86,61,74,69,65,77,86,0.37,0.63,IS
518,71,73,81,71,91,79,91,91,85,78,63,64,84,95,117,68,90,66,64,0.42,0.47,IS
519,98,84,70,79,97,119,73,79,63,83,86,81,86,85,66,62,86,65,73,0.42,0.63,IS
520,61,93,101,91,88,61,66,73,102,67,91,65,70,87,104,91,91,78,80,0.58,0.42,CS
521,71,118,117,94,72,71,102,105,106,69,97,75,105,109,63,72,112,119,81,0.42,0.53,IS
522,62,84,102,102,90,76,93,93,75,76,104,84,68,77,111,64,67,107,77,0.53,0.47,CS
523,73,82,86,82,70,65,86,113,81,113,80,73,62,91,62,110,78,115,96,0.42,0.47,IS
524,65,97,103,71,119,69,108,70,105,73,75,77,102,65,109,64,69,63,82,0.42,0.42,CS
525,77,79,101,65,76,79,117,84,65,62,78,68,105,83,64,94,107,71,79,0.37,0.58,IS
526,90,101,65,115,110,84,71,63,83,95,93,82,105,69,77,67,87,70,87,0.32,0.68,IS
527,110,90,73,107,91,91,85,76,63,109,111,76,69,94,117,72,88,85,69,0.58,0.42,CS
528,95,78,75,62,66,103,112,98,65,73,82,74,69,78,87,87,90,92,63,0.53,0.53,CS
529,86,76,79,71,62,74,84,65,63,64,72,66,75,82,91,77,70,83,80,0.37,0.58,IS
530,61,108,83,78,61,75,87,82,62,74,97,97,90,62,112,96,96,63,64,0.42,0.53,IS
531,69,86,71,106,106,74,106,61,61,70,81,79,85,78,88,77,75,70,61,0.37,0.53,IS
532,79,105,78,97,82,72,89,89,71,116,82,94,66,106,61,63,95,90,62,0.37,0.53,IS
533,74,76,79,79,95,110,68,71,104,69,62,75,91,70,72,84,75,74,91,0.42,0.58,IS
534,75,88,76,80,61,79,62,78,67,67,63,114,108,120,67,94,77,103,63,0.37,0.58,IS
535,76,75,107,93,104,72,69,101,74,83,74,65,118,81,70,63,80,72,67,0.32,0.58,IS
536,111,104,87,72,115,62,84,100,112,105,71,63,76,87,82,117,81,70,92,0.47,0.42,CS
537,85,75,77,113,73,66,95,79,73,65,110,88,93,102,88,108,91,82,67,0.58,0.47,CS
538,96,107,69,77,110,77,81,67,80,69,96,107,72,81,97,79,69,65,90,0.42,0.58,IS
539,83,116,82,93,108,102,73,62,61,72,64,82,117,76,82,82,105,93,90,0.16,0.84,IS
540,82,63,89,82,90,63,84,78,76,61,78,79,95,82,85,89,77,103,86,0.26,0.63,IS
541,66,103,113,85,80,105,68,63,87,99,61,68,75,92,81,101,82,66,82,0.47,0.53,IS
542,84,72,61,65,69,62,72,99,71,72,80,87,63,92,120,75,95,86,107,0.37,0.53,IS
543,63,116,78,86,117,97,79,84,76,105,91,73,63,68,94,66,108,76,62,0.37,0.68,IS
544,61,79,110,66,70,80,63,70,61,81,62,67,63,68,84,69,119,85,76,0.32,0.58,IS
545,75,85,98,98,65,111,99,65,71,92,104,82,98,99,108,65,88,69,64,0.58,0.53,CS
546,69,98,62,71,83,92,65,62,61,77,90,81,104,104,73,80,62,76,75,0.32,0.58,IS
547,94,95,64,61,101,99,74,74,72,74,68,61,86,85,83,81,94,112,93,0.32,0.68,IS
548,72,78,70,110,87,61,100,105,65,73,101,88,109,84,83,73,74,71,86,0.47,0.47,CS
549,107,71,73,72,87,105,115,71,84,94,64,109,84,63,67,102,76,91,69,0.63,0.42,CS
550,105,101,92,67,63,85,79,73,78,86,68,118,86,91,100,107,114,99,84,0.42,0.47,IS
551,88,98,103,77,62,65,99,79,105,92,104,67,84,80,111,83,99,112,73,0.58,0.47,CS
552,65,66,119,84,92,98,86,66,64,67,66,100,76,84,65,86,83,92,76,0.47,0.47,CS
553,69,84,63,105,117,65,101,104,71,93,69,63,110,70,117,81,70,87,94,0.47,0.47,CS
554,101,68,82,95,76,62,70,61,103,68,80,87,104,75,68,63,84,110,84,0.32,0.58,IS
555,108,112,73,72,114,71,61,87,85,75,61,73,83,120,89,89,74,79,87,0.32,0.58,IS
556,79,118,117,104,66,73,91,92,71,62,69,96,91,72,118,106,86,97,64,0.53,0.37,CS
557,103,62,86,65,118,104,68,106,76,70,75,63,61,99,84,95,67,120,61,0.42,0.53,IS
558,63,87,70,74,84,68,100,89,67,84,118,86,114,86,72,64,72,73,106,0.32,0.68,IS
559,70,69,96,98,88,81,83,76,63,104,80,85,85,67,65,82,64,67,72,0.37,0.53,IS
560,66,96,71,105,90,98,65,69,81,83,66,74,86,101,94,70,69,103,92,0.47,0.53,IS
561,84,77,63,100,63,66,64,88,102,86,80,67,72,88,120,73,64,102,69,0.42,0.42,CS
562,101,80,79,63,91,101,103,103,85,90,85,109,86,70,89,63,97,89,93,0.58,0.42,CS
563,107,66,103,63,77,84,86,93,64,63,65,113,81,61,84,102,63,67,68,0.53,0.32,CS
564,105,96,65,106,80,113,105,80,62,74,80,101,65,64,96,99,73,77,104,0.63,0.37,CS
565,105,69,62,106,109,72,84,120,78,67,70,109,61,65,120,102,92,62,63,0.58,0.32,CS
566,66,70,77,78,113,77,108,112,84,62,102,65,91,64,70,98,90,71,61,0.47,0.47,CS
567,78,107,82,67,111,96,82,82,79,79,71,70,70,72,64,63,62,62,81,0.26,0.68,IS
568,74,61,84,99,114,90,79,103,78,74,73,91,89,106,93,103,93,91,70,0.47,0.42,CS
569,117,84,78,107,93,96,71,109,93,83,101,80,93,100,85,86,67,85,74,0.63,0.37,CS
570,64,84,64,80,91,82,97,106,116,107,85,68,93,73,66,86,64,95,99,0.53,0.42,CS
571,82,74,93,97,63,66,65,98,117,98,65,106,100,92,88,65,74,77,65,0.53,0.42,CS
572,91,108,73,69,107,95,79,72,104,80,80,96,65,63,106,99,79,61,76,0.42,0.53,IS
573,98,64,76,75,91,62,86,78,68,65,75,72,113,116,112,109,115,85,74,0.42,0.53,IS
574,62,80,79,80,68,67,90,90,105,85,86,79,70,113,70,95,63,76,62,0.47,0.37,CS
575,87,73,106,97,62,114,84,91,73,80,63,114,99,98,68,84,66,87,99,0.47,0.47,CS
576,71,86,103,88,77,73,66,93,89,93,81,89,95,80,72,87,116,75,67,0.37,0.53,IS
577,61,111,62,84,85,108,92,98,110,67,84,71,74,115,71,93,96,70,91,0.58,0.53,CS
578,93,75,70,61,77,64,71,94,65,85,113,92,65,91,96,61,61,114,61,0.42,0.58,IS
579,98,66,112,90,94,95,111,102,69,92,72,69,108,96,98,114,98,68,91,0.63,0.37,CS
580,86,64,86,73,65,70,77,62,71,79,79,73,84,72,75,114,101,69,95,0.37,0.53,IS
581,66,65,61,67,78,83,88,65,120,87,91,64,88,110,94,81,63,87,63,0.53,0.47,CS
582,100,61,65,79,102,96,68,61,76,111,109,66,110,81,69,94,66,80,105,0.42,0.68,IS
583,86,63,110,94,73,89,62,68,71,63,72,71,65,102,82,78,96,62,79,0.42,0.47,IS
584,108,117,73,88,81,97,80,90,76,76,66,66,64,78,103,65,105,82,81,0.37,0.53,IS
585,93,98,92,67,73,62,92,65,79,81,65,89,79,74,83,69,69,103,72,0.37,0.63,IS
586,69,62,69,74,66,117,90,87,109,89,105,67,81,89,61,80,103,62,89,0.42,0.68,IS
587,74,63,67,96,104,77,95,70,79,74,66,75,113,75,78,61,66,115,61,0.21,0.74,IS
588,76,63,91,80,68,72,77,80,66,73,72,87,80,85,68,111,69,114,106,0.26,0.63,IS
589,62,76,97,101,93,87,77,111,88,66,67,76,93,64,77,63,82,61,106,0.37,0.53,IS
590,77,70,115,61,102,74,92,99,94,67,84,97,92,109,61,73,67,92,68,0.47,0.47,CS
591,61,78,87,62,70,72,76,76,88,99,89,76,63,79,97,81,73,85,77,0.42,0.47,IS
592,69,71,117,72,107,65,72,78,92,78,77,65,65,99,93,64,117,88,63,0.32,0.58,IS
593,108,67,110,65,64,87,62,82,64,66,101,111,95,76,120,74,92,89,81,0.58,0.37,CS
594,105,93,75,77,83,74,77,71,63,71,70,72,87,82,117,82,113,90,119,0.32,0.58,IS
595,63,68,92,90,99,97,67,71,71,63,109,105,118,85,62,66,61,90,80,0.37,0.63,IS
596,78,77,98,65,89,89,70,65,65,110,70,82,114,80,64,68,99,97,62,0.32,0.58,IS
597,95,79,78,63,98,74,64,76,77,102,77,72,66,97,106,105,72,63,63,0.53,0.42,CS
598,72,85,86,76,72,74,75,65,64,77,67,67,98,81,102,89,61,84,74,0.37,0.53,IS
599,77,75,99,116,61,68,98,97,90,70,117,65,77,79,109,97,62,90,112,0.58,0.42,CS
600,61,98,119,73,94,109,99,98,69,116,112,80,109,102,73,91,69,70,62,0.68,0.47,CS
601,61,79,71,111,75,76,89,71,94,64,113,61,61,82,73,96,62,87,68,0.47,0.53,IS
602,80,86,83,103,70,76,86,80,78,113,93,66,84,98,112,105,87,71,116,0.53,0.42,CS
603,84,76,94,100,93,63,104,108,98,70,70,73,70,72,68,89,76,61,86,0.47,0.42,CS
604,78,94,72,82,82,94,98,93,93,107,82,73,110,64,63,86,67,84,61,0.37,0.53,IS
605,66,102,67,73,117,75,100,89,86,72,88,111,67,95,83,68,82,104,61,0.26,0.63,IS
606,112,69,84,110,65,106,119,82,96,114,95,109,120,70,83,100,118,76,61,0.63,0.42,CS
607,72,66,103,72,76,65,77,87,99,71,64,85,120,83,66,98,61,117,99,0.32,0.53,IS
608,71,77,103,119,71,87,69,66,107,112,93,66,114,85,61,75,72,91,69,0.53,0.42,CS
609,101,61,71,78,65,95,67,98,101,73,101,89,93,87,82,116,62,93,85,0.58,0.37,CS
610,82,77,62,91,99,92,65,83,84,68,95,106,72,62,83,106,62,76,90,0.42,0.47,IS
611,71,78,85,69,97,96,110,73,74,115,72,107,75,80,75,73,63,101,93,0.53,0.42,CS
612,88,64,61,70,117,82,84,86,119,72,79,73,73,92,67,111,62,67,69,0.37,0.53,IS
613,90,106,103,71,105,65,65,115,102,70,79,112,107,65,88,70,80,97,65,0.37,0.53,IS
614,81,95,64,80,65,67,119,63,82,108,84,98,69,101,88,89,87,92,73,0.47,0.42,CS
615,90,64,99,62,67,84,70,104,77,115,64,85,69,62,73,63,75,63,74,0.42,0.42,CS
616,97,76,81,69,68,74,115,77,69,82,107,116,73,68,96,87,106,100,107,0.47,0.58,IS
617,87,72,111,80,82,82,70,91,78,103,89,94,81,79,61,67,80,84,89,0.42,0.42,CS
618,68,68,73,61,70,73,62,61,108,77,76,91,112,73,83,81,99,61,67,0.32,0.58,IS
619,76,71,101,69,113,62,72,98,91,61,108,61,114,76,63,71,97,95,70,0.37,0.63,IS
620,65,67,120,111,90,84,71,62,70,83,68,80,107,69,81,107,91,68,89,0.42,0.47,IS
621,99,80,96,81,67,91,94,65,67,64,63,77,85,79,100,105,109,111,65,0.42,0.53,IS
622,84,67,74,63,94,85,73,114,71,82,112,78,98,83,93,109,87,98,64,0.53,0.53,CS
623,77,96,78,102,91,64,70,72,95,105,96,96,69,101,82,81,75,76,105,0.47,0.47,CS
624,94,71,65,72,95,61,68,95,83,72,105,67,113,61,118,75,69,91,72,0.42,0.58,IS
625,87,74,100,80,66,95,103,64,80,62,83,76,89,80,76,64,66,83,96,0.42,0.47,IS
626,86,91,61,104,74,63,100,79,96,69,113,73,61,96,97,92,85,89,61,0.58,0.47,CS
627,82,75,70,114,101,69,75,87,103,79,61,72,63,97,64,71,90,117,96,0.32,0.58,IS
628,76,61,63,78,87,84,116,74,66,94,62,91,66,69,96,64,67,111,81,0.42,0.53,IS
629,85,81,74,111,78,118,61,115,84,101,90,83,95,105,109,76,84,82,82,0.63,0.37,CS
630,90,82,73,97,89,104,111,61,93,61,64,109,92,111,77,63,77,102,63,0.47,0.47,CS
631,105,76,83,66,84,80,92,100,96,74,64,67,115,66,80,77,78,89,77,0.42,0.53,IS
632,103,70,75,62,63,83,66,100,90,105,103,110,76,80,66,100,72,80,81,0.63,0.37,CS
633,86,97,89,72,91,86,84,92,61,69,108,84,62,103,66,112,106,82,74,0.42,0.53,IS
634,63,70,75,72,80,62,89,76,65,106,61,97,70,102,86,97,73,94,83,0.47,0.42,CS
635,61,104,61,96,108,61,65,88,95,76,92,71,80,105,71,66,80,75,98,0.32,0.63,IS
636,63,88,94,95,63,76,71,104,65,75,90,68,106,118,84,116,97,88,114,0.37,0.53,IS
637,95,72,89,103,80,114,94,61,92,70,86,67,109,108,76,117,64,92,87,0.58,0.53,CS
638,83,103,89,69,76,102,83,85,64,74,107,63,70,73,79,105,64,67,75,0.42,0.68,IS
639,107,100,95,110,90,63,70,77,63,69,74,113,91,73,108,106,72,65,69,0.53,0.37,CS
640,68,103,98,92,75,99,96,91,99,69,96,106,64,75,73,73,88,92,63,0.47,0.47,CS
641,67,104,101,69,77,84,107,104,65,101,96,92,103,88,67,84,119,77,75,0.42,0.53,IS
642,66,72,68,83,79,120,111,74,77,101,88,117,63,117,61,66,93,95,103,0.53,0.47,CS
643,68,87,74,93,68,112,94,94,101,109,72,72,61,106,87,112,100,109,71,0.58,0.42,CS
644,83,64,61,76,70,70,62,84,90,67,94,63,61,70,72,80,89,69,82,0.37,0.58,IS
645,77,113,85,75,80,73,113,86,79,71,98,84,111,63,106,118,71,67,74,0.42,0.53,IS
646,64,80,106,77,89,81,89,118,80,63,102,65,82,80,100,74,80,85,81,0.53,0.42,CS
647,84,77,117,63,74,105,81,78,73,93,69,99,74,91,73,74,113,83,88,0.42,0.58,IS
648,90,105,118,73,72,65,88,75,66,71,82,103,62,65,76,80,84,102,88,0.32,0.53,IS
649,80,61,85,80,72,69,80,93,61,89,84,78,78,72,94,106,72,79,94,0.42,0.47,IS
650,78,101,114,88,103,99,80,75,114,81,63,114,70,84,101,79,71,72,96,0.47,0.47,CS
651,64,75,104,80,114,64,74,71,77,90,64,61,74,65,77,88,110,62,96,0.26,0.63,IS
652,103,85,95,86,102,79,80,71,67,79,68,109,62,114,71,119,73,113,110,0.37,0.53,IS
653,67,66,76,81,94,70,112,81,117,65,62,79,101,83,61,114,95,62,65,0.47,0.42,CS
654,97,83,104,74,87,65,110,74,69,113,87,73,97,120,110,78,108,79,98,0.58,0.37,CS
655,102,77,79,72,70,81,117,63,70,77,84,100,68,71,117,84,67,86,61,0.53,0.37,CS
656,76,69,106,69,80,75,87,93,81,99,79,107,79,63,100,115,75,86,103,0.53,0.32,CS
657,89,103,100,72,106,63,81,68,75,91,65,103,101,69,90,81,75,68,70,0.37,0.58,IS
658,99,75,114,98,61,66,74,99,76,83,92,80,107,61,62,69,83,104,83,0.42,0.53,IS
659,90,108,107,119,90,102,86,92,78,68,66,76,90,86,74,86,64,65,110,0.37,0.58,IS
660,67,100,69,67,100,66,84,61,101,93,97,73,100,94,90,86,112,63,68,0.32,0.68,IS
661,65,94,91,63,69,92,67,97,115,73,98,63,115,112,73,73,73,106,100,0.42,0.53,IS
662,81,70,75,70,86,81,110,94,62,105,108,67,87,94,118,117,81,107,70,0.53,0.42,CS
663,104,71,93,81,84,63,77,64,77,100,69,68,120,91,99,70,82,73,87,0.42,0.47,IS
664,75,75,106,86,118,85,71,79,67,91,69,72,83,72,63,90,73,109,88,0.32,0.63,IS
665,84,98,101,95,77,96,81,102,70,90,79,62,72,96,79,69,72,69,87,0.47,0.47,CS
666,104,104,86,71,92,80,108,79,91,86,97,78,80,62,71,99,101,73,67,0.47,0.47,CS
667,91,68,66,89,65,94,99,66,69,63,63,92,63,94,71,92,66,94,79,0.47,0.53,IS
668,72,85,71,92,75,61,69,82,67,65,92,75,81,76,65,63,80,94,64,0.37,0.58,IS
669,68,101,88,108,74,68,72,74,71,73,62,105,96,105,68,99,114,82,67,0.42,0.47,IS
670,71,62,65,100,78,79,93,101,110,87,79,66,101,77,118,93,99,111,71,0.58,0.42,CS
671,65,85,89,63,112,96,84,115,109,83,112,66,89,85,94,76,72,110,64,0.47,0.63,IS
672,71,85,104,71,87,64,96,64,88,88,75,89,78,63,94,114,63,100,65,0.53,0.47,CS
673,107,69,74,93,85,120,82,74,100,107,78,113,87,94,114,81,64,66,73,0.63,0.37,CS
674,72,73,79,64,88,88,91,71,65,76,74,68,103,84,107,61,106,70,83,0.32,0.63,IS
675,74,70,89,62,63,100,97,101,73,104,96,64,64,92,82,109,70,67,70,0.63,0.47,CS
676,107,61,119,77,89,113,99,105,81,100,63,62,81,67,84,65,92,74,70,0.63,0.37,CS
677,61,102,98,108,66,71,112,81,109,88,66,65,76,91,85,62,74,68,65,0.42,0.47,IS
678,103,117,89,94,69,93,79,109,67,70,115,62,66,67,69,71,91,95,97,0.42,0.58,IS
679,72,104,71,95,68,82,108,70,103,85,69,114,115,71,68,73,70,63,69,0.37,0.53,IS
680,103,113,87,73,81,82,67,80,93,111,63,67,84,108,64,117,105,85,70,0.42,0.47,IS
681,70,100,97,62,62,105,92,77,80,81,75,67,69,68,73,70,74,103,97,0.32,0.74,IS
682,94,100,102,105,86,64,96,65,76,63,73,68,70,73,109,96,78,70,76,0.58,0.42,CS
683,78,69,74,84,62,82,114,65,98,61,82,72,97,73,110,90,72,106,86,0.37,0.53,IS
684,109,109,81,104,94,71,120,89,67,80,63,76,70,110,72,64,79,64,65,0.47,0.42,CS
685,97,117,69,68,90,89,71,100,80,67,70,96,113,71,72,79,66,78,93,0.32,0.63,IS
686,61,71,91,98,83,64,110,61,91,79,70,101,76,63,94,69,101,68,71,0.47,0.47,CS
687,85,75,98,67,63,115,76,82,84,83,109,63,64,95,69,117,111,83,87,0.42,0.68,IS
688,79,76,90,86,91,64,76,80,106,112,89,70,94,100,86,80,73,100,116,0.42,0.47,IS
689,80,116,74,97,84,86,100,77,97,79,70,90,92,72,82,94,113,67,69,0.32,0.63,IS
690,85,62,95,64,74,98,62,100,108,70,79,103,62,118,83,113,82,96,86,0.63,0.32,CS
691,106,67,67,80,76,73,76,104,109,86,64,85,82,94,70,73,105,77,87,0.42,0.47,IS
692,82,80,67,97,72,79,80,69,79,68,73,107,91,93,78,97,65,80,63,0.42,0.47,IS
693,100,74,62,75,75,97,69,86,109,105,83,67,86,67,73,65,71,87,87,0.53,0.42,CS
694,79,63,69,120,115,100,66,70,81,73,97,84,103,116,84,78,69,102,86,0.37,0.63,IS
695,68,68,102,72,62,67,66,84,82,62,80,72,89,86,81,91,88,80,75,0.42,0.53,IS
696,107,89,62,77,63,88,82,76,111,105,117,66,114,73,77,77,62,80,74,0.47,0.53,IS
697,68,79,100,111,92,82,91,65,62,66,66,93,70,92,61,89,92,101,71,0.47,0.47,CS
698,84,103,79,64,82,88,108,64,87,90,96,62,70,63,99,120,88,62,85,0.47,0.47,CS
699,61,62,82,63,103,101,103,116,89,77,106,90,99,74,77,67,77,80,75,0.47,0.63,IS
700,116,66,66,66,98,70,70,112,85,61,76,119,89,67,65,90,94,67,61,0.47,0.42,CS
701,74,61,68,117,62,99,111,98,80,102,120,76,74,120,86,96,62,68,113,0.68,0.37,CS
702,99,84,76,62,96,75,68,66,61,92,78,118,98,90,84,92,112,113,100,0.42,0.58,IS
703,114,74,96,103,86,69,77,63,71,94,71,83,65,99,74,93,69,110,75,0.47,0.47,CS
704,74,78,114,92,114,68,85,62,115,75,62,64,73,74,66,110,78,67,85,0.42,0.47,IS
705,108,82,69,69,76,105,114,76,65,103,62,108,61,82,71,102,65,66,93,0.63,0.37,CS
706,96,62,72,73,69,69,99,84,67,80,75,103,69,101,70,84,91,88,77,0.53,0.42,CS
707,81,89,90,100,69,90,82,98,113,119,62,102,81,81,99,76,66,103,75,0.58,0.32,CS
708,78,99,73,117,78,102,99,67,62,91,90,63,81,65,74,116,111,73,66,0.47,0.53,IS
709,111,74,73,114,97,88,105,67,104,62,62,84,74,77,79,111,91,70,66,0.58,0.32,CS
710,80,74,69,96,62,92,65,83,111,87,75,75,109,62,82,63,87,120,67,0.26,0.63,IS
711,68,66,70,67,67,80,99,101,105,67,77,85,61,78,99,92,64,81,105,0.53,0.42,CS
712,71,111,101,87,95,74,63,67,91,113,71,92,100,80,72,85,76,117,70,0.32,0.58,IS
713,84,87,92,65,95,91,92,72,95,73,100,70,66,73,83,73,102,75,68,0.37,0.58,IS
714,61,69,75,82,78,92,102,73,86,77,65,69,63,70,85,61,89,93,102,0.32,0.53,IS
715,71,73,91,76,95,80,65,87,81,79,82,76,82,88,106,100,62,104,62,0.37,0.53,IS
716,94,70,76,83,71,112,76,95,70,100,100,107,96,62,104,70,89,117,69,0.58,0.47,CS
717,89,92,75,87,108,64,75,73,70,89,88,81,93,72,68,114,69,63,69,0.32,0.58,IS
718,71,90,106,110,67,75,96,88,69,83,91,70,98,80,68,110,98,70,103,0.53,0.47,CS
719,95,69,99,83,62,86,72,70,80,77,75,84,64,88,87,67,108,81,90,0.32,0.58,IS
720,61,96,103,112,81,105,88,65,70,71,67,68,109,84,62,111,86,99,70,0.47,0.53,IS
721,101,71,79,74,62,113,112,73,114,71,67,94,75,101,71,74,102,75,86,0.53,0.42,CS
722,72,61,83,69,90,65,66,94,68,77,89,85,75,85,69,70,88,64,94,0.32,0.53,IS
723,117,98,114,75,81,77,102,106,70,63,76,79,64,74,93,70,85,65,75,0.58,0.37,CS
724,79,69,70,67,72,61,79,110,62,62,82,86,97,80,77,92,68,90,64,0.42,0.53,IS
725,67,105,94,86,79,89,88,92,93,116,93,88,98,67,61,114,73,69,94,0.42,0.47,IS
726,104,65,64,68,94,104,110,107,66,81,64,102,62,82,101,90,85,90,106,0.58,0.42,CS
727,96,76,86,108,112,61,111,76,81,77,112,107,96,110,91,71,87,99,89,0.63,0.47,CS
728,104,64,74,68,82,81,90,79,92,72,89,80,112,77,67,99,81,111,63,0.32,0.58,IS
729,88,70,91,84,70,100,73,103,101,110,106,95,75,90,73,82,101,87,67,0.58,0.53,CS
730,85,101,96,63,70,87,99,89,67,100,67,65,86,100,84,87,83,91,61,0.42,0.47,IS
731,66,81,108,62,109,101,85,96,79,115,93,61,87,71,118,76,61,107,118,0.47,0.58,IS
732,61,65,73,98,95,66,87,109,73,78,78,77,80,97,65,102,92,94,89,0.42,0.47,IS
733,90,92,76,69,70,110,76,74,91,71,84,117,97,79,83,85,81,110,63,0.37,0.63,IS
734,96,83,105,70,95,78,107,110,65,85,70,73,76,69,75,90,99,68,87,0.53,0.42,CS
735,67,74,73,104,83,85,103,61,74,70,105,90,68,79,104,71,77,61,91,0.53,0.47,CS
736,101,96,66,66,87,80,115,75,61,104,70,68,71,68,97,64,96,70,73,0.53,0.37,CS
737,68,67,118,77,66,62,100,74,67,68,83,70,95,109,87,62,75,63,90,0.47,0.42,CS
738,99,66,105,90,95,118,61,95,75,78,68,85,90,83,64,92,113,61,92,0.47,0.53,IS
739,66,116,88,82,70,85,73,79,97,72,90,103,99,83,81,70,103,69,86,0.26,0.63,IS
740,111,71,95,78,96,110,97,61,104,109,62,69,67,79,66,96,67,62,89,0.63,0.42,CS
741,99,62,63,72,68,69,77,63,104,85,89,67,78,96,101,96,63,74,72,0.53,0.37,CS
742,61,76,69,77,89,67,88,95,108,86,78,85,108,82,72,120,93,100,120,0.32,0.53,IS
743,106,63,86,109,65,73,72,65,76,85,89,77,85,82,69,107,101,70,85,0.47,0.42,CS
744,77,64,64,79,79,72,95,88,82,96,115,61,99,70,68,95,88,92,67,0.53,0.58,IS
745,90,100,68,93,82,73,63,67,87,96,71,88,100,109,64,70,77,96,85,0.37,0.58,IS
746,77,110,75,63,76,88,93,65,64,65,64,72,81,86,65,80,61,70,69,0.32,0.63,IS
747,67,101,109,92,81,106,73,106,111,100,94,102,118,73,92,104,94,64,114,0.63,0.47,CS
748,63,66,96,72,111,90,63,105,77,93,95,81,86,68,100,80,83,86,75,0.47,0.53,IS
749,82,75,65,63,61,97,77,83,120,61,82,90,63,70,71,62,67,81,97,0.42,0.53,IS
750,86,61,80,119,67,80,62,61,111,71,107,71,90,78,78,63,67,102,116,0.37,0.58,IS
751,110,112,101,92,118,86,97,62,82,74,112,87,75,79,61,103,82,66,95,0.47,0.58,IS
752,78,80,64,63,88,70,87,82,63,64,113,68,97,70,83,70,61,63,111,0.32,0.68,IS
753,64,69,79,62,92,93,88,104,105,68,93,68,68,98,72,94,72,63,103,0.47,0.53,IS
754,86,103,118,69,78,94,78,101,113,64,89,116,118,62,83,89,75,90,91,0.42,0.47,IS
755,77,94,94,77,110,100,109,73,66,75,107,111,90,76,64,62,100,109,67,0.42,0.68,IS
756,110,94,63,97,80,80,64,103,90,61,106,63,63,67,93,63,101,100,77,0.53,0.53,CS
757,67,77,78,91,61,104,89,64,63,74,105,89,114,70,74,75,80,88,116,0.32,0.79,IS
758,108,78,95,99,96,85,77,95,61,105,66,64,67,99,106,62,109,85,61,0.42,0.32,CS
759,91,73,107,103,70,90,62,80,87,72,73,83,97,65,114,64,69,74,76,0.53,0.42,CS
760,64,118,67,70,65,67,106,107,85,84,67,77,112,68,83,61,69,62,85,0.32,0.58,IS
761,80,104,118,77,106,102,84,62,88,89,82,84,71,118,97,90,70,73,75,0.42,0.58,IS
762,108,70,94,96,90,72,63,113,104,82,66,63,105,85,99,66,67,93,98,0.47,0.42,CS
763,96,109,94,71,61,79,81,66,104,61,77,104,83,86,100,95,91,83,72,0.53,0.42,CS
764,94,85,71,62,108,95,95,76,99,71,110,82,77,77,96,82,64,84,98,0.47,0.58,IS
765,61,66,68,91,85,85,63,81,68,77,85,76,84,83,82,78,75,103,68,0.26,0.63,IS
766,74,78,104,94,70,109,78,65,67,61,79,70,76,64,63,83,72,117,82,0.37,0.63,IS
767,61,82,99,104,100,69,104,96,109,93,69,73,84,89,76,61,85,81,104,0.47,0.42,CS
768,79,108,105,79,95,68,65,107,69,103,88,67,106,80,67,74,64,76,114,0.32,0.58,IS
769,100,82,63,62,62,98,109,100,65,62,94,92,74,81,64,62,62,95,62,0.58,0.42,CS
770,120,105,119,68,81,61,61,94,74,105,96,118,94,87,116,72,105,106,66,0.47,0.42,CS
771,62,70,97,70,80,77,81,93,94,104,86,70,66,117,88,83,80,95,110,0.37,0.47,IS
772,83,77,104,69,76,65,94,75,68,78,73,61,94,83,77,85,64,117,68,0.37,0.58,IS
773,82,95,65,101,71,88,66,72,85,65,84,65,86,70,93,102,110,118,62,0.37,0.58,IS
774,89,114,97,101,62,84,104,62,107,84,66,68,74,87,66,64,67,95,67,0.42,0.47,IS
775,99,70,91,61,82,92,117,69,100,73,120,91,90,83,66,67,81,113,109,0.42,0.58,IS
776,108,95,113,82,74,77,115,72,76,87,63,89,109,65,64,97,76,63,72,0.47,0.42,CS
777,70,93,82,118,83,108,94,85,75,74,66,61,89,80,116,86,115,114,71,0.42,0.63,IS
778,120,62,99,81,84,79,68,83,85,81,98,83,115,97,87,86,80,66,87,0.37,0.53,IS
779,85,96,78,66,68,87,71,104,77,89,67,81,99,66,72,62,84,98,69,0.37,0.53,IS
780,103,97,77,83,111,87,110,69,109,111,93,74,88,65,81,85,73,66,83,0.53,0.42,CS
781,112,63,96,63,85,82,81,83,71,96,104,115,104,80,89,80,69,87,88,0.47,0.58,IS
782,70,63,62,105,101,62,80,63,67,84,94,111,71,62,94,65,81,74,80,0.47,0.53,IS
783,63,86,68,69,73,86,73,66,79,61,66,89,91,61,69,62,79,111,77,0.26,0.63,IS
784,87,74,75,85,89,88,68,107,79,102,77,61,66,103,94,100,86,78,113,0.53,0.42,CS
785,80,67,98,101,85,69,86,70,72,69,90,105,88,90,109,68,73,62,90,0.47,0.42,CS
786,109,72,74,62,103,78,113,91,71,91,80,114,70,62,100,103,68,70,73,0.58,0.32,CS
787,69,63,103,81,68,104,77,98,113,61,87,90,89,75,70,96,66,80,104,0.53,0.47,CS
788,94,82,72,66,62,110,99,80,103,100,111,66,82,64,98,67,107,83,113,0.58,0.58,CS
789,76,116,100,80,95,92,78,86,62,109,104,90,101,106,92,74,97,81,106,0.47,0.58,IS
790,81,115,105,89,85,67,66,107,87,116,77,68,78,76,74,65,64,115,102,0.32,0.53,IS
791,62,88,103,88,80,73,111,86,100,65,77,67,114,86,72,83,111,88,71,0.37,0.53,IS
792,76,62,101,81,90,83,75,68,117,63,116,62,64,67,83,117,78,105,61,0.47,0.53,IS
793,80,100,91,89,111,62,118,69,98,85,113,65,107,72,61,75,110,64,104,0.16,0.84,IS
794,62,100,107,77,72,79,75,110,111,62,67,87,100,80,112,64,67,72,80,0.47,0.42,CS
795,85,73,100,82,81,79,65,79,79,65,63,79,70,107,113,85,63,100,94,0.47,0.42,CS
796,79,75,88,99,71,84,76,111,69,65,70,74,86,93,94,101,79,68,70,0.47,0.42,CS
797,117,87,103,67,72,69,107,89,95,81,65,80,105,67,61,63,93,62,88,0.42,0.47,IS
798,64,67,65,61,70,82,93,75,65,80,85,111,119,104,73,70,86,81,83,0.42,0.53,IS
799,95,119,70,61,62,67,96,113,63,70,71,75,63,100,99,103,73,118,120,0.47,0.53,IS
800,70,71,76,72,107,71,61,90,80,75,80,77,77,63,102,74,118,91,70,0.26,0.58,IS
801,72,74,68,108,99,70,75,99,77,80,99,61,103,67,66,81,64,81,86,0.37,0.53,IS
802,75,116,96,89,76,86,74,85,77,68,65,103,80,96,106,90,96,112,107,0.26,0.63,IS
803,86,108,120,65,81,85,113,72,76,63,66,71,85,62,84,96,61,93,72,0.42,0.47,IS
804,69,90,83,62,80,110,81,99,63,73,64,93,77,98,65,83,96,67,79,0.42,0.58,IS
805,98,72,67,99,64,69,88,93,64,93,76,110,115,65,113,103,76,83,90,0.53,0.37,CS
806,100,69,81,97,65,84,94,65,86,61,116,63,81,107,81,84,76,117,69,0.47,0.58,IS
807,65,76,96,81,79,66,69,65,113,116,69,76,120,71,85,119,112,61,83,0.37,0.53,IS
808,61,71,69,77,69,73,108,79,81,109,73,67,62,104,71,67,89,100,71,0.47,0.42,CS
809,91,107,68,77,95,66,81,77,71,102,86,96,98,88,98,113,77,93,62,0.47,0.47,CS
810,72,73,98,71,69,97,89,84,73,75,100,110,86,76,115,82,89,92,68,0.53,0.47,CS
811,64,85,95,70,114,102,102,106,79,71,81,76,93,73,100,84,103,107,65,0.37,0.63,IS
812,87,120,101,73,64,82,77,72,72,78,90,85,116,97,63,81,80,67,102,0.21,0.63,IS
813,88,102,98,93,76,62,85,64,84,78,79,68,84,98,79,77,117,88,72,0.21,0.68,IS
814,61,66,66,78,113,74,87,70,82,74,67,71,99,91,83,78,111,100,87,0.21,0.68,IS
815,88,75,61,67,92,79,63,71,92,85,106,115,66,71,85,70,85,63,61,0.42,0.58,IS
816,100,68,66,110,61,73,83,63,92,75,66,62,87,118,80,77,93,74,91,0.47,0.42,CS
817,98,63,63,93,66,104,75,110,76,91,105,79,101,64,72,110,66,81,92,0.63,0.58,CS
818,70,70,77,86,95,81,82,89,93,64,89,113,88,74,73,61,64,73,85,0.37,0.53,IS
819,108,70,109,101,88,110,61,73,93,107,93,112,63,107,68,67,85,92,72,0.74,0.32,CS
820,70,85,68,93,77,77,99,68,61,101,104,110,116,98,95,98,69,108,67,0.53,0.47,CS
821,76,91,106,103,97,92,73,74,61,90,87,61,95,103,62,92,106,95,74,0.47,0.47,CS
822,96,72,114,71,86,94,96,112,87,92,100,72,72,64,91,97,105,69,62,0.68,0.47,CS
823,101,65,85,75,89,88,87,100,102,114,119,71,63,116,118,62,113,104,65,0.58,0.42,CS
824,71,65,93,82,82,62,81,74,76,68,66,112,89,90,86,71,110,75,73,0.32,0.58,IS
825,71,67,77,99,110,69,84,74,62,94,61,71,86,72,91,112,103,61,66,0.37,0.58,IS
826,79,78,77,87,78,70,82,89,65,80,116,61,83,79,72,96,73,107,62,0.37,0.63,IS
827,87,72,93,67,71,105,101,63,94,83,64,61,88,62,63,68,84,92,118,0.37,0.63,IS
828,71,71,69,83,99,114,67,105,77,70,113,82,80,92,76,70,115,91,90,0.37,0.68,IS
829,62,90,109,66,66,107,109,62,71,76,64,82,109,70,79,62,96,101,83,0.42,0.58,IS
830,86,97,74,63,106,67,64,82,90,62,91,77,99,74,65,68,95,97,84,0.32,0.63,IS
831,80,74,77,68,67,68,79,70,101,72,81,117,96,68,104,63,80,62,115,0.42,0.47,IS
832,84,64,89,71,64,72,99,69,73,76,73,86,66,116,74,74,98,111,62,0.37,0.53,IS
833,98,62,80,62,87,62,71,114,75,79,72,74,79,78,63,71,82,85,75,0.42,0.53,IS
834,74,86,113,107,71,96,71,92,102,79,114,64,74,66,79,74,100,87,94,0.58,0.42,CS
835,85,99,86,117,104,98,73,89,86,72,80,66,100,97,65,66,66,74,96,0.32,0.58,IS
836,85,77,107,71,67,77,85,69,84,66,91,87,120,118,82,97,97,114,115,0.37,0.58,IS
837,75,73,64,97,103,67,119,97,116,80,95,72,91,104,84,64,80,75,102,0.47,0.42,CS
838,117,94,78,73,85,80,86,118,66,93,92,113,69,68,111,109,69,90,89,0.68,0.32,CS
839,78,83,100,103,71,112,104,113,115,107,112,76,86,61,68,96,78,76,64,0.79,0.32,CS
840,73,61,119,66,92,89,110,66,76,66,88,68,64,99,95,68,78,79,71,0.47,0.37,CS
841,110,90,66,93,62,68,110,112,96,71,97,84,88,96,99,93,92,90,69,0.63,0.37,CS
842,70,85,69,67,80,83,86,86,113,86,89,94,71,68,70,89,61,75,80,0.37,0.53,IS
843,113,70,116,76,64,68,92,78,103,86,109,61,80,73,111,63,91,61,103,0.58,0.47,CS
844,87,78,96,101,66,96,86,62,64,103,102,80,113,76,61,74,108,76,63,0.42,0.58,IS
845,63,107,68,88,78,63,89,94,78,111,101,82,63,105,61,67,88,85,95,0.42,0.47,IS
846,64,69,63,65,77,80,67,81,83,115,68,66,96,93,110,87,82,63,90,0.42,0.47,IS
847,83,106,85,65,88,61,80,71,63,109,76,96,67,98,78,77,67,64,84,0.32,0.58,IS
848,95,85,108,94,117,66,80,65,75,111,77,114,115,62,95,63,76,94,69,0.47,0.47,CS
849,109,87,61,107,91,86,95,81,104,106,75,90,92,64,66,63,66,108,120,0.47,0.47,CS
850,73,104,71,83,67,100,65,82,99,110,87,104,96,61,101,83,102,72,113,0.37,0.53,IS
851,106,92,93,72,88,97,85,120,82,105,109,84,119,73,64,99,116,70,117,0.47,0.58,IS
852,96,104,101,77,105,79,89,91,109,117,117,64,101,91,76,120,73,78,76,0.53,0.47,CS
853,64,100,97,82,95,88,62,87,68,101,81,108,99,62,120,120,80,68,71,0.47,0.42,CS
854,102,64,95,80,70,71,85,110,97,119,72,61,70,63,83,79,73,87,78,0.47,0.42,CS
855,72,81,98,110,63,65,101,89,68,104,65,83,86,84,97,106,65,63,74,0.58,0.32,CS
856,91,101,108,73,65,91,61,62,77,61,94,101,73,80,95,101,107,80,90,0.53,0.47,CS
857,90,108,61,63,75,65,116,76,68,95,65,97,81,81,103,77,108,84,77,0.37,0.58,IS
858,85,97,68,76,72,68,106,116,96,79,85,112,76,100,62,85,83,84,87,0.53,0.37,CS
859,97,105,116,66,120,108,110,76,67,63,111,94,100,85,72,61,100,67,88,0.47,0.68,IS
860,73,102,65,69,97,67,69,70,96,65,101,85,66,88,92,83,93,66,61,0.37,0.63,IS
861,70,96,75,80,76,66,83,96,108,61,81,88,100,109,62,108,63,95,87,0.53,0.37,CS
862,76,94,72,111,70,80,78,106,86,70,104,87,62,64,70,102,82,120,102,0.42,0.53,IS
863,72,96,93,61,62,69,62,65,69,61,83,79,90,65,62,87,66,67,96,0.32,0.58,IS
864,94,65,76,83,67,74,67,67,63,93,78,76,91,74,93,71,78,72,114,0.42,0.63,IS
865,88,69,61,116,66,66,100,79,74,64,83,96,71,114,77,67,117,69,101,0.42,0.47,IS
866,78,64,80,63,62,100,68,90,63,74,70,71,67,69,77,73,117,67,67,0.32,0.63,IS
867,119,100,61,87,72,83,63,69,74,108,112,93,110,114,75,107,91,89,99,0.47,0.53,IS
868,78,73,95,79,79,106,108,75,76,90,111,97,86,106,62,108,86,70,85,0.58,0.53,CS
869,82,76,68,71,82,74,75,81,64,64,114,88,95,62,108,68,82,86,68,0.42,0.58,IS
870,73,112,94,62,81,72,97,101,87,66,90,64,69,105,97,80,67,89,93,0.47,0.47,CS
871,88,88,63,87,116,67,62,96,63,73,78,68,66,106,81,88,81,65,100,0.37,0.53,IS
872,61,99,70,72,104,90,88,88,76,76,65,77,119,65,95,107,74,106,65,0.21,0.63,IS
873,104,72,87,88,83,89,115,100,91,86,90,106,65,78,78,82,66,71,84,0.53,0.37,CS
874,88,70,107,93,65,81,109,101,114,109,101,66,101,88,68,88,90,65,84,0.63,0.32,CS
875,62,70,95,114,72,116,85,107,100,120,84,109,96,87,76,80,70,107,76,0.58,0.42,CS
876,67,74,92,107,87,89,90,109,62,92,96,71,61,75,117,85,114,64,92,0.53,0.47,CS
877,79,84,68,100,91,74,100,118,69,79,91,102,118,117,76,115,107,92,109,0.53,0.42,CS
878,64,98,84,93,90,71,63,96,79,82,87,92,100,111,66,83,104,86,69,0.37,0.53,IS
879,90,108,78,87,67,65,114,61,89,86,81,84,66,80,119,77,62,83,82,0.37,0.53,IS
880,68,90,87,63,118,82,92,83,113,66,74,73,120,70,98,73,75,66,64,0.37,0.58,IS
881,85,74,81,78,76,75,111,100,74,73,102,91,83,83,107,92,68,72,111,0.53,0.47,CS
882,111,73,102,77,98,106,66,79,82,87,88,91,65,77,63,66,92,94,89,0.47,0.53,IS
883,79,86,115,80,110,103,85,95,69,63,74,72,107,113,92,108,100,79,103,0.42,0.58,IS
884,80,74,61,119,61,73,62,87,72,83,74,63,111,72,93,85,66,90,84,0.37,0.58,IS
885,63,81,70,68,61,106,64,65,66,85,116,97,97,69,75,71,97,116,110,0.32,0.79,IS
886,98,75,64,61,92,86,67,65,111,73,74,99,83,77,99,92,64,67,70,0.53,0.42,CS
887,64,85,89,83,76,110,67,100,83,67,90,100,81,65,72,94,96,95,65,0.53,0.53,CS
888,63,73,115,120,84,82,86,118,118,71,114,65,92,71,76,99,106,65,81,0.58,0.42,CS
889,66,106,109,65,73,106,72,68,67,105,83,64,96,61,70,61,100,68,109,0.37,0.63,IS
890,69,100,81,104,96,108,67,113,64,110,68,94,67,97,64,71,91,86,80,0.47,0.53,IS
891,62,92,64,78,97,120,116,73,107,66,74,116,62,78,62,115,109,89,62,0.53,0.47,CS
892,68,78,71,61,79,70,94,64,86,96,63,72,61,73,90,96,112,88,90,0.42,0.58,IS
893,65,104,119,110,67,104,113,68,84,61,110,78,65,110,89,70,78,86,91,0.58,0.53,CS
894,70,73,120,112,115,73,68,103,62,75,95,91,69,117,76,61,82,62,107,0.47,0.47,CS
895,118,84,95,83,86,81,66,63,116,62,90,101,79,108,99,75,94,91,78,0.58,0.32,CS
896,103,92,61,74,77,86,62,87,65,82,102,93,115,91,63,74,76,87,64,0.37,0.58,IS
897,74,67,96,109,86,64,108,68,68,98,114,86,61,70,99,114,106,102,103,0.47,0.53,IS
898,68,67,83,88,67,86,81,83,77,68,101,91,65,117,74,86,102,74,63,0.37,0.53,IS
899,87,66,74,69,81,78,67,86,77,97,61,103,114,90,76,98,76,103,64,0.37,0.58,IS
900,90,67,95,70,102,71,66,64,67,63,78,65,103,116,63,112,109,98,63,0.26,0.63,IS
901,65,70,92,69,61,88,95,88,90,78,90,67,65,90,102,78,99,101,77,0.42,0.53,IS
902,76,73,107,108,97,71,63,81,95,69,79,92,76,81,89,87,75,111,108,0.32,0.58,IS
903,77,76,76,115,70,62,84,80,76,62,84,72,78,67,79,64,63,67,69,0.37,0.53,IS
904,66,79,61,69,90,90,94,69,85,116,80,84,95,70,78,75,84,93,101,0.42,0.53,IS
905,66,78,77,80,87,69,75,108,115,65,101,71,105,89,84,87,100,94,97,0.42,0.53,IS
906,100,115,72,75,64,73,93,118,95,63,86,79,64,112,89,93,94,116,102,0.42,0.53,IS
907,84,76,113,117,70,67,117,76,112,74,110,66,94,94,62,70,85,100,79,0.58,0.42,CS
908,92,79,106,93,61,95,109,91,71,100,67,89,89,72,70,87,78,79,95,0.53,0.37,CS
909,115,70,87,61,111,101,89,82,82,68,72,68,88,64,65,98,89,79,118,0.37,0.63,IS
910,108,85,66,66,71,68,89,67,81,120,68,65,103,80,105,115,107,90,78,0.42,0.47,IS
911,68,111,87,62,77,112,66,81,116,113,102,65,72,86,84,107,68,73,89,0.53,0.53,CS
912,101,113,84,76,81,62,91,87,77,93,95,85,101,72,112,77,89,69,100,0.53,0.53,CS
913,116,61,76,99,61,100,106,106,91,72,70,70,82,111,120,100,77,77,85,0.68,0.26,CS
914,66,79,72,112,102,61,91,74,103,91,88,72,113,104,65,79,64,71,82,0.47,0.53,IS
915,62,87,61,120,79,72,115,114,99,74,91,89,90,105,73,65,83,68,72,0.58,0.32,CS
916,97,95,72,64,109,97,83,65,63,68,67,70,98,75,63,114,74,83,73,0.42,0.58,IS
917,98,64,71,76,89,61,93,72,98,80,97,61,64,77,64,80,77,75,64,0.47,0.58,IS
918,81,80,94,94,83,87,63,101,107,107,85,70,85,90,84,73,80,93,97,0.47,0.42,CS
919,65,102,93,116,105,77,86,84,105,81,76,108,71,102,80,70,84,118,73,0.37,0.53,IS
920,87,89,71,76,94,78,63,67,98,67,80,76,61,88,116,65,64,74,66,0.37,0.53,IS
921,85,82,96,88,70,81,85,61,65,106,66,104,100,76,75,110,70,73,87,0.47,0.42,CS
922,76,108,65,67,61,61,104,98,91,62,82,77,74,77,80,75,75,84,63,0.37,0.53,IS
923,84,67,76,71,91,63,79,64,66,114,97,72,85,115,84,66,81,85,92,0.47,0.47,CS
924,67,116,97,79,65,101,61,95,82,61,117,64,64,93,78,93,84,83,64,0.42,0.68,IS
925,84,74,77,78,66,64,93,78,73,62,85,101,66,81,118,65,86,80,98,0.47,0.47,CS
926,77,95,80,71,83,103,112,64,80,84,66,117,99,112,79,99,82,79,65,0.58,0.42,CS
927,112,105,102,110,69,62,71,84,68,73,104,85,80,76,83,92,78,105,105,0.42,0.63,IS
928,87,67,111,68,90,61,89,70,111,78,61,66,76,65,78,86,70,82,68,0.42,0.47,IS
929,88,91,66,84,106,98,77,88,92,72,90,72,63,69,62,69,69,82,83,0.32,0.63,IS
930,75,106,73,88,114,66,70,98,95,87,83,98,86,89,85,99,67,83,69,0.32,0.58,IS
931,63,86,86,87,71,62,61,73,73,68,84,61,95,64,103,82,64,66,106,0.32,0.58,IS
932,119,78,62,65,71,67,86,63,88,87,91,66,85,71,93,111,109,93,97,0.47,0.53,IS
933,100,62,104,62,71,67,63,68,106,67,93,84,79,91,71,115,80,80,76,0.58,0.37,CS
934,105,108,97,80,80,106,90,75,74,66,80,115,81,80,95,112,62,90,115,0.47,0.53,IS
935,108,98,64,99,75,96,107,63,112,81,85,101,65,62,101,71,61,86,80,0.63,0.26,CS
936,111,116,62,108,68,102,65,89,87,68,108,99,70,76,73,86,88,79,87,0.47,0.58,IS
937,92,75,94,68,71,92,66,74,100,69,84,90,89,106,101,68,114,88,62,0.47,0.47,CS
938,97,77,88,105,78,97,89,67,84,61,95,65,73,74,89,70,86,71,93,0.53,0.53,CS
939,98,76,84,71,81,99,92,110,63,65,93,73,90,86,69,86,120,107,68,0.47,0.63,IS
940,78,112,108,63,92,66,100,66,108,64,79,106,62,76,77,120,95,66,70,0.53,0.37,CS
941,111,81,115,67,64,64,80,102,84,66,77,79,109,76,106,81,68,100,73,0.47,0.42,CS
942,97,80,79,78,80,113,88,113,93,84,74,101,102,93,69,75,107,61,66,0.42,0.58,IS
943,74,91,81,78,64,62,66,85,75,81,74,70,77,82,119,116,82,74,68,0.42,0.47,IS
944,68,114,70,80,89,76,104,87,78,84,66,70,110,77,97,67,99,74,76,0.32,0.58,IS
945,90,92,75,85,70,70,62,83,67,63,74,64,61,67,85,74,97,97,71,0.32,0.58,IS
946,90,109,88,113,65,102,88,63,77,66,69,77,80,69,84,65,74,65,103,0.32,0.68,IS
947,94,67,77,101,97,109,70,78,64,79,118,80,77,65,97,75,111,83,115,0.47,0.68,IS
948,93,110,94,80,72,93,64,113,83,62,98,74,90,66,81,80,79,82,93,0.42,0.58,IS
949,63,92,62,76,67,73,61,118,105,112,74,61,108,88,72,61,65,65,67,0.42,0.47,IS
950,117,61,101,85,107,70,75,81,118,71,67,78,91,67,67,66,88,110,61,0.37,0.53,IS
951,89,88,86,80,81,70,99,78,93,104,61,70,72,88,87,118,73,98,83,0.47,0.42,CS
952,71,78,62,77,102,64,99,93,64,111,104,71,93,92,82,82,84,101,65,0.42,0.53,IS
953,75,75,103,67,71,70,93,64,98,63,93,84,114,75,112,62,97,96,73,0.47,0.53,IS
954,114,82,75,116,119,70,67,67,67,67,61,79,65,116,89,76,61,85,86,0.42,0.47,IS
955,87,70,70,76,70,74,115,64,94,76,87,63,104,117,75,82,102,66,74,0.32,0.53,IS
956,63,85,71,71,91,100,111,88,64,75,67,66,72,91,75,67,64,61,63,0.42,0.58,IS
957,89,91,69,105,111,62,88,68,112,75,78,89,92,78,75,96,87,62,68,0.42,0.47,IS
958,68,87,61,65,64,82,87,66,64,69,112,70,86,63,83,115,77,89,81,0.42,0.58,IS
959,90,88,95,63,90,93,73,114,79,112,92,72,104,95,116,86,119,76,65,0.42,0.53,IS
960,90,81,117,64,65,111,78,73,84,86,85,102,73,84,91,95,62,77,65,0.58,0.47,CS
961,67,108,72,92,103,75,81,65,86,80,90,79,61,79,86,66,63,118,61,0.16,0.74,IS
962,80,75,88,67,120,92,112,74,75,70,92,96,109,116,62,94,70,110,86,0.37,0.63,IS
963,85,75,87,71,104,96,78,65,69,61,75,73,68,101,70,119,61,76,62,0.42,0.53,IS
964,92,64,64,95,75,68,65,64,91,67,86,97,67,65,78,80,83,75,109,0.32,0.63,IS
965,90,84,62,80,77,66,87,83,87,101,81,66,80,71,67,103,81,98,120,0.37,0.53,IS
966,108,76,102,71,80,68,100,100,117,103,61,119,88,98,70,63,78,77,78,0.68,0.21,CS
967,104,73,64,61,64,85,109,82,75,64,82,63,81,104,114,106,61,85,72,0.58,0.32,CS
968,93,75,74,107,91,118,69,86,72,73,71,100,64,63,108,83,64,64,61,0.58,0.47,CS
969,82,102,98,108,105,76,70,100,93,92,73,63,108,67,89,107,93,113,109,0.26,0.68,IS
970,91,120,91,74,114,73,73,71,75,66,69,73,62,74,84,92,88,93,78,0.32,0.68,IS
971,72,69,67,100,113,95,115,97,61,111,84,75,76,81,103,68,72,82,76,0.53,0.37,CS
972,78,91,61,71,104,76,102,71,93,71,73,68,64,62,116,69,71,94,68,0.37,0.53,IS
973,73,71,67,68,80,70,70,62,102,70,65,117,82,62,106,84,70,81,78,0.47,0.42,CS
974,86,90,95,93,102,71,65,61,68,69,66,65,92,65,74,70,83,86,80,0.26,0.63,IS
975,97,94,88,117,89,79,69,61,73,101,82,83,75,92,106,89,71,75,84,0.53,0.42,CS
976,79,111,89,61,109,68,107,90,95,108,70,65,61,79,88,98,91,107,70,0.32,0.53,IS
977,65,118,67,67,66,77,71,68,89,65,65,76,87,102,94,98,62,66,67,0.42,0.53,IS
978,71,66,95,72,88,78,62,68,62,75,61,68,64,104,65,96,101,120,74,0.37,0.53,IS
979,68,104,82,67,94,76,67,94,87,61,76,90,72,70,84,75,119,103,84,0.16,0.68,IS
980,84,111,117,110,85,77,72,106,109,112,97,92,77,74,82,100,97,67,68,0.63,0.32,CS
981,88,83,87,109,66,89,62,82,93,113,67,90,77,77,92,107,70,77,65,0.53,0.42,CS
982,105,62,78,73,63,70,67,77,83,68,61,71,78,77,87,79,96,93,62,0.37,0.53,IS
983,95,94,100,85,62,65,69,117,92,75,119,77,81,119,98,63,92,95,65,0.63,0.42,CS
984,66,63,77,71,71,86,81,103,102,69,66,103,68,91,77,118,66,77,72,0.53,0.37,CS
985,116,61,99,80,85,76,103,79,86,115,62,78,62,61,82,99,75,85,90,0.53,0.32,CS
986,78,63,114,68,81,70,99,107,76,76,66,64,68,72,102,103,71,69,69,0.58,0.32,CS
987,61,91,75,107,71,79,90,67,78,81,75,76,67,70,80,100,76,91,66,0.42,0.47,IS
988,63,74,90,102,94,108,74,69,83,66,101,89,97,71,81,69,66,71,83,0.47,0.58,IS
989,79,98,67,78,105,64,77,113,103,76,116,112,63,81,85,110,96,111,77,0.47,0.53,IS
990,73,110,103,68,67,117,65,93,62,93,98,105,91,91,95,66,104,114,70,0.47,0.58,IS
991,63,81,91,64,70,78,85,99,94,88,107,110,64,77,103,113,83,97,117,0.53,0.47,CS
992,68,71,81,97,64,117,96,69,69,66,85,109,80,79,103,77,101,78,79,0.53,0.53,CS
993,85,98,85,63,84,104,67,97,108,98,92,70,103,64,101,112,94,111,78,0.58,0.53,CS
994,85,101,97,78,88,110,98,91,95,91,73,82,78,66,91,62,69,64,72,0.47,0.63,IS
995,113,72,108,66,84,62,70,119,110,65,68,86,95,98,83,107,65,95,109,0.53,0.37,CS
996,119,94,74,93,64,109,102,93,74,73,93,67,61,61,64,74,77,68,86,0.53,0.47,CS
997,75,103,70,66,68,71,91,94,66,72,93,69,84,68,67,61,66,62,72,0.37,0.58,IS
998,89,68,100,63,80,67,79,116,78,83,74,63,76,86,82,73,94,88,71,0.42,0.47,IS
999,75,82,84,104,90,90,73,86,92,86,70,86,66,74,88,64,95,86,76,0.37,0.53,IS
1000,90,84,84,61,61,82,68,61,94,64,68,93,116,78,82,107,68,63,64,0.32,0.58,IS
